,Scenario 1 final,Scenario 2 final,Scenario 3 final
Node_0,0.3412240892922851,0.14826970155174649,0.3929919465608015
Node_1,0.341224089292285,0.2615238769822057,0.39299194656080155
Node_2,0.18483993621979636,0.3440477137934497,0.13710063086729515
Node_3,0.13271188519563346,0.24615870767259812,0.0769154760111019
