time,A1,A2,T,N1,N2
52,0.06173627596138022,0.06173627596138021,0.368674257176973,0.2539265954501334,0.2539265954501333
53,0.061736275859767265,0.061736275859767265,0.3686742681054733,0.253926590087496,0.2539265900874961
54,0.06173627591796743,0.06173627591796744,0.36867426184602914,0.253926593159018,0.253926593159018
55,0.061736275884632506,0.061736275884632506,0.3686742654312092,0.2539265913997629,0.25392659139976287
56,0.061736275903725525,0.061736275903725525,0.36867426337774956,0.2539265924073997,0.2539265924073997
57,0.061736275892789745,0.06173627589278976,0.3686742645538959,0.2539265918302623,0.2539265918302623
58,0.06173627589905336,0.06173627589905336,0.3686742638802424,0.2539265921608254,0.2539265921608254
59,0.061736275895465806,0.0617362758954658,0.36867426426608646,0.25392659197149103,0.253926591971491
