Date,Record Type,Routing Status,Country / Region,Sector,Sector Family,Affected Body,What Happened,System Layer,Operational Effect,Physical / Data Effect,Claim Status,Claimed Actor,Technical Operator / Group,State Relationship,Public Government Attribution,Incident Traffic Light,Effect Traffic Light,Attribution Traffic Light,Relationship Confidence,Pattern Status,Iran-War Relevance,Iran Attribution,Iran Attribution Class,Rival Explanations,Severity / Significance,Negative Findings,Sources,Source Tier,Last Reviewed,Correction Status,Attribution History,Iran Attribution Bucket,Manual Fallback,Organising Mechanism,Common Operator Confidence,Strategic Campaign Confidence,IHL / Protected-Object Relevance,Stakeholder Effect,Source Provenance / Independence
2026-02-28,Context baseline,Context,United States / Israel / Iran,War context,Cross-sector / other,—,War baseline used by this pack: beginning of the US–Israeli military campaign against Iran; comparison point for subsequent cyber activity.,N/A,N/A,N/A,N/A,N/A,Unknown,None publicly established.,None recorded.,N/A,N/A,N/A,N/A,N/A,Direct baseline,N/A,N/A,N/A,Context only,N/A,,Context row,2026-09-14,Current,No material attribution change recorded.,N/A,Not reported / not applicable.,Open / not normalised,⚪ Open / not established.,N/A,No automatic IHL conclusion from wartime timing.,—: N/A,Sources perform different evidentiary functions; actor claims are not treated as independent corroboration.
2026-03-02,Threat assessment,Context,United Kingdom / Cyprus & SBAs,Cross-sector critical infrastructure,Cross-sector / other,UK organisations / critical infrastructure,NCSC advised organisations to review cyber posture after Middle East escalation; it assessed no significant immediate change in the direct Iranian cyber threat to the UK but heightened indirect risk for organisations with Middle East exposure and possible collateral activity by Iran-linked hacktivists.,Threat posture / preparedness,No specific infrastructure disruption recorded in this row.,None reported; advisory rather than incident.,Official assessment,N/A,N/A,Iran-linked hacktivist risk discussed; no incident attribution.,No incident attribution.,🟢 Established,N/A,⚪ Open,⚪ Open,⚪ Context / isolated,High — early-war UK threat posture marker,No incident attribution,Open,N/A,Preparedness marker,NCSC said no significant immediate change in the direct Iranian threat to the UK.,https://www.ncsc.gov.uk/news/ncsc-advises-uk-organisations-take-action-following-conflict-in-middle-east,Tier 1 — official,2026-09-14,Current,No material attribution change recorded.,Other / established,Not reported / not applicable.,Threat / attribution environment,⚪ Open / not established.,⚪ Open; no single strategic campaign established.,No automatic IHL conclusion from sector or wartime timing.,Affected operators and users carry the immediate operational and trust burden.,Sources perform different evidentiary functions; actor claims are not treated as independent corroboration.
2026-03-10,Campaign reporting,Core,Israel,Healthcare; government; defence; telecommunications,Cross-sector / other,Multiple Israeli organisations,"Open-source reporting described Iran-linked actors using criminal tooling against Israeli hospitals and organisations in government, defence and telecommunications.",Mixed enterprise IT / data systems,Multi-sector malicious activity reported; individual operational effects vary.,Not uniformly specified in the source summary.,Reported campaign,Multiple / not normalised,Iran-linked actors (campaign-level reporting),Iran-linked; individual state direction unresolved.,Not established for each incident in this row.,🟡 Probable,🟠 Developing,🟡 Probable,🟡 Probable at campaign level,🟡 Possible recurrence,High — Israel is a direct belligerent,Campaign-level Iran-linked reporting; incident-level attribution varies,Probable,"Criminal, proxy or opportunistic activity may coexist with state-linked activity.",Cross-sector targeting,No common state-direction finding established for all incidents.,https://cert.europa.eu/publications/threat-intelligence/cb26-04,Tier 1/2 — CERT-EU synthesis,2026-09-14,Current,No material attribution change recorded.,Other / established,Not reported / not applicable.,Malware / destructive or extortion ecosystem,⚪ Open / not established.,⚪ Open; campaign-level activity does not establish one operator.,Civilian and protected-function relevance requires incident-specific analysis.,Affected operators and users carry the immediate operational and trust burden.,Sources perform different evidentiary functions; actor claims are not treated as independent corroboration.
2026-03-10,Cyber incident,Core,Albania,Government administration / parliamentary infrastructure,Government / administration,Parliament of Albania,Parliament reported an attempted data-wiping and systems-compromise attack; internal email and staff computer access were disrupted. Homeland Justice claimed responsibility.,Enterprise IT / administration,Internal email and staff computer access disrupted.,Attempted data wiping / systems compromise reported.,📣 Actor-claimed,Homeland Justice,Homeland Justice claim; operator identity not independently proven in source summary.,Established historical Iran nexus; current incident state direction unresolved.,No definitive current state-direction finding recorded here.,🟢 Established,🟢 Established,🟡 Probable,🟡 Historical actor continuity; current direction open,🟡 Possible recurrence,Moderate / high — established history of Iran-Albania cyber conflict,Iran-linked actor claim with historical nexus; current state direction not independently proven,Probable,"Alias reuse, partial independence, or operation not directly tasked by the state.",Government administrative disruption,State direction not independently established.,https://cert.europa.eu/publications/threat-intelligence/cb26-04,Tier 1/2 — CERT-EU synthesis,2026-09-14,Current,No material attribution change recorded.,Other / established,Not reported / not applicable.,Government enterprise IT / public-service dependency,⚪ Open / not established.,⚪ Open; no single strategic campaign established.,No automatic IHL conclusion from sector or wartime timing.,Affected operators and users carry the immediate operational and trust burden.,Sources perform different evidentiary functions; actor claims are not treated as independent corroboration.
2026-03-11,Cyber incident,Core,United States / Ireland,Healthcare / medical-device manufacturing and supply,Healthcare / medical supply,Stryker,"Cyberattack disrupted Microsoft-based systems, order processing, manufacturing and shipments. Handala claimed responsibility and framed the attack as retaliation for US–Israeli strikes.",Enterprise IT / manufacturing and supply systems,"Ordering, manufacturing and shipments disrupted; restoration took time.",Destructive effects on remote Windows-based devices were reported; no uniform patient-safety effect established.,📣 Actor-claimed,Handala,Handala / Iran-linked group,Reuters described the group as Iran-linked; exact state direction remains distinct from actor linkage.,US authorities later seized domains associated with Handala; this strengthens actor linkage but is not a finding of Iranian state direction.,🟢 Established,🟢 Established,🟡 Probable,🟡 Probable Handala linkage,🟡 Possible recurrence,High — US direct belligerent; medical supply chain,Iran-linked actor linkage strengthened; state direction of this incident not separately established,Probable,Actor may have varying degrees of state affiliation or autonomy.,Material healthcare supply-chain disruption,No uniform patient-harm finding recorded.,https://www.reuters.com/technology/stryker-shares-fall-after-report-suspected-iran-linked-cyberattack-2026-03-11/ | https://www.reuters.com/technology/iran-linked-hackers-restore-website-after-us-seizes-domains-2026-03-20/,Tier 3 reporting + law-enforcement action described,2026-09-14,Updated,2026-03-11 actor claim / Iran-linked reporting → 2026-03-20 US domain seizure strengthened actor linkage.,Other / established,Not reported / not applicable.,Malware / destructive or extortion ecosystem,⚪ Open / not established.,⚪ Open; no single strategic campaign established.,Civilian medical-supply relevance; legal character requires incident-specific analysis.,Affected operators and users carry the immediate operational and trust burden.,Sources perform different evidentiary functions; actor claims are not treated as independent corroboration.
2026-03-12,Cyber incident,Core,Poland,Nuclear research / government scientific infrastructure,Government / administration,National Centre for Nuclear Research,Poland reported an unsuccessful cyberattack. Early indicators reportedly pointed toward Iranian origins while officials explicitly warned those indicators could represent misdirection.,Scientific / government IT,Attempt unsuccessful; system integrity reportedly remained intact.,No compromise of system integrity reported.,Officially reported incident,N/A,Unknown,Possible Iranian origin indicators; false-flag possibility explicitly preserved.,No definitive attribution.,🟢 Established,🟢 Established,🟠 Suspected,⚪ Open,⚪ Isolated,Moderate — nuclear/scientific state infrastructure,Suspected; explicitly uncertain,Suspected,False flag / deliberate misdirection; unrelated hostile actor; opportunistic intrusion.,Attempted compromise of sensitive scientific infrastructure,System integrity reportedly not compromised.,https://cert.europa.eu/publications/threat-intelligence/cb26-04,Tier 1/2 — CERT-EU synthesis,2026-09-14,Current,No material attribution change recorded.,Suspected,Not reported / not applicable.,Open / not normalised,⚪ Open / not established.,⚪ Open; no single strategic campaign established.,No automatic IHL conclusion from sector or wartime timing.,Affected operators and users carry the immediate operational and trust burden.,Sources perform different evidentiary functions; actor claims are not treated as independent corroboration.
2026-03-13,Cyber incident,Adjacent,Sweden,Government administration / e-government,Government / administration,Swedish e-government platform via CGI Sweden,Researchers reported alleged theft of data associated with a Swedish e-government platform through contractor CGI Sweden; source code was reportedly released and citizen databases offered for sale.,Contracted digital-service / data infrastructure,Potential compromise of e-government data custody.,Alleged source-code and citizen-data theft / release.,Reported / alleged,N/A,Unknown,None publicly established.,None recorded.,🟢 Established,🟠 Suspected / developing,⚪ Open,⚪ Open,⚪ Isolated,Low / contextual,No public Iran attribution,Open,Ordinary cybercrime; unrelated state or non-state activity.,Potential loss of state-service data and source code,No Iran linkage established.,https://cert.europa.eu/publications/threat-intelligence/cb26-04,Tier 1/2 — CERT-EU synthesis,2026-09-14,Current,No material attribution change recorded.,Other / established,Not reported / not applicable.,Open / not normalised,⚪ Open / not established.,⚪ Open; no single strategic campaign established.,No automatic IHL conclusion from sector or wartime timing.,Affected operators and users carry the immediate operational and trust burden.,Sources perform different evidentiary functions; actor claims are not treated as independent corroboration.
2026-03-19,Cyber incident,Core,Netherlands,Government administration / finance,Financial services,Dutch Ministry of Finance,"The ministry detected a breach after third-party notification; some employee systems were affected while tax, customs and benefits services reportedly remained operational.",Government enterprise IT,Internal systems affected without reported interruption to major citizen-facing services.,Data impact not fully specified in source summary.,Officially reported incident,N/A,Unknown,None publicly established.,None recorded.,🟢 Established,🟢 Established,⚪ Open,⚪ Open,⚪ Isolated,Low / contextual,No public Iran attribution,Open,Ordinary cybercrime; unrelated state or non-state activity.,Government administrative compromise,"Tax, customs and benefits services reportedly remained operational.",https://cert.europa.eu/publications/threat-intelligence/cb26-04,Tier 1/2 — CERT-EU synthesis,2026-09-14,Current,No material attribution change recorded.,Other / established,Not reported / not applicable.,Open / not normalised,⚪ Open / not established.,⚪ Open; no single strategic campaign established.,No automatic IHL conclusion from sector or wartime timing.,Affected operators and users carry the immediate operational and trust burden.,Sources perform different evidentiary functions; actor claims are not treated as independent corroboration.
2026-03-25,Cyber incident,Core,Netherlands,Policing / justice infrastructure,Policing / justice,Dutch National Police,Police reported a successful phishing breach. Access was blocked; no citizen or investigative data was reported exposed.,Police enterprise IT / account access,Unauthorised access occurred and was blocked.,No citizen or investigative data reported exposed.,Officially reported incident,N/A,Unknown,None publicly established.,None recorded.,🟢 Established,🟢 Established,⚪ Open,⚪ Open,⚪ Isolated,Low / contextual,No public Iran attribution,Open,Ordinary cybercrime; unrelated state or non-state activity.,Police infrastructure account compromise,No citizen or investigative data reported exposed.,https://cert.europa.eu/publications/threat-intelligence/cb26-04,Tier 1/2 — CERT-EU synthesis,2026-09-14,Current,No material attribution change recorded.,Other / established,Not reported / not applicable.,Open / not normalised,⚪ Open / not established.,⚪ Open; no single strategic campaign established.,No automatic IHL conclusion from sector or wartime timing.,Affected operators and users carry the immediate operational and trust burden.,Sources perform different evidentiary functions; actor claims are not treated as independent corroboration.
2026-05-26,Attribution / incident update,Context,United States,Transport,Transport,Los Angeles County Metropolitan Transportation Authority,Security researchers attributed a March breach of Los Angeles Metro systems to Iranian-backed / MOIS-linked hackers; recovery reportedly took weeks.,Public transport IT / administrative systems,Extended recovery from compromise.,Specific physical transport effects not established in cited report summary.,Researcher attribution,N/A,Iran-backed / MOIS-linked actor per researchers,Researcher-led Iran/MOIS linkage; formal US government attribution not established.,Not established in cited report.,🟢 Established,🟢 Established,🟡 Probable,🟡 Probable researcher linkage,🟡 Possible recurrence,High — transport infrastructure in direct belligerent state,Researcher-led Iran/MOIS link; government attribution open,Probable,Research attribution may be revised; public technical basis may be incomplete.,Essential metropolitan transport recovery impact,No formal US government attribution in cited report.,https://techcrunch.com/2026/05/26/iranian-hackers-blamed-for-breach-of-los-angeles-transit-system-that-took-weeks-to-recover/,Tier 3 reporting on researcher attribution,2026-09-14,Current,March breach → May researcher attribution.,Open / no evidence,Not reported / not applicable.,Open / not normalised,⚪ Open / not established.,⚪ Open; no single strategic campaign established.,No automatic IHL conclusion from sector or wartime timing.,Affected operators and users carry the immediate operational and trust burden.,Sources perform different evidentiary functions; actor claims are not treated as independent corroboration.
2026-06-17,Threat-environment marker,Context,United Kingdom,Aggregate critical infrastructure,Cross-sector / other,UK critical infrastructure and supporting ecosystem,NCSC said it had managed more than 200 incidents affecting UK critical infrastructure and its supporting ecosystem in the year to May 2026; about three-quarters were believed linked to hostile states.,Aggregate / cross-sector,Aggregate incident load; not a single incident.,Varies across underlying incidents.,Official aggregate assessment,N/A,Multiple hostile-state actors,Hostile-state aggregate; Iran share not identified.,Not Iran-specific.,🟢 Established,N/A,🟢 Established for hostile-state aggregate; ⚪ Open for Iran share,N/A,🔴 Established hostile-state pressure,Moderate — background operating environment,Not Iran-specific,Open,No basis to infer Iran's share from the aggregate figure.,National critical-infrastructure threat environment,Public statement did not identify Iran's share.,https://www.ncsc.gov.uk/news/ncsc-ceo-hostile-states-linked-to-three-quarters-of-cyber-attacks,Tier 1 — official,2026-09-14,Current,No material attribution change recorded.,N/A,Not reported / not applicable.,Open / not normalised,⚪ Open / not established.,⚪ Open; no single strategic campaign established.,No automatic IHL conclusion from sector or wartime timing.,Affected operators and users carry the immediate operational and trust burden.,Sources perform different evidentiary functions; actor claims are not treated as independent corroboration.
2026-07-26,Cyber incident cluster,Core,United States — Minnesota,Water and wastewater / operational technology,Water / wastewater,More than 30 community water systems,"Coordinated attacks targeted more than 30 Minnesota community water systems over 26–27 July. Reported effects across the wider campaign included operator lockouts, settings changes, loss of pressure, flooding, temporary shutdowns and movement to manual operation.",OT / PLC / remote monitoring and control,Operational degradation at some facilities; manual resets / manual operation required.,Pressure loss and flooding reported within the broader cluster; no contamination established.,Official incident reporting / investigation,N/A,Unknown,"Iranian-affiliated activity was a serious investigative hypothesis because of timing, methods and prior PLC campaign.",No definitive federal attribution of the current wave.,🟢 Established,🟢 Established,🟠 Suspected / developing,🟡 Probable relation to broader US water OT cluster,🟠 Credible cluster,Very high — civilian water infrastructure in direct belligerent state,Suspected / unresolved,Suspected,Opportunistic exploitation of exposed controllers; criminal or hacktivist activity; copycats; multiple operators.,High operational significance; physical-process effects at some facilities,No drinking-water contamination established; effects were not uniform across all facilities.,https://www.reuters.com/legal/litigation/minnesota-it-officials-disclose-coordinated-cyberattack-more-than-30-local-water-2026-07-28/ | https://www.reuters.com/world/us-cyber-defense-agency-warns-increased-hacker-targeting-water-utilities-2026-07-30/,Tier 1 state/FBI reporting via Reuters,2026-09-14,Current,Investigation open → Iranian involvement suspected in reporting; no formal federal attribution.,Suspected,Manual resets / manual operation reported.,Internet-exposed OT / PLC exploitation,🟠 Developing — recurring technique; multiple operators/copycats remain viable.,🟡 Probable for Minnesota/core wave; not inherited by every multi-state incident.,Civilian water infrastructure; legal review warranted without presuming unlawfulness.,"Local utilities, operators and residents carried the operational and safety burden.",Sources perform different evidentiary functions; actor claims are not treated as independent corroboration.
2026-07-26,Cyber incident,Core,United States — South Carolina / Georgia,Healthcare / hospital and outpatient services,Healthcare / medical supply,AnMed health system,AnMed identified a malware-related cybersecurity disruption. The health system initially closed many facilities and took MyChart and other systems offline. The Gentlemen later claimed responsibility and attacker-controlled posts appeared on AnMed's Facebook page with ransom demands.,Enterprise IT / clinical administration / patient portal / social media account,"Facilities closed or operated under prolonged disruption; appointments, imaging and some elective services were affected.","The Gentlemen claimed major data theft, but scope remained unverified.",📣 Actor-claimed,The Gentlemen,The Gentlemen ransomware group — claim strengthened by attacker-controlled social-media access.,None publicly established.,None.,🟢 Established,🟢 Established,🟡 Probable for The Gentlemen; ⚪ no evidence found for Iran,🟡 Probable criminal/extortion operation,🟠 Credible healthcare-disruption cluster,Moderate — civilian healthcare disruption during war window; no positive Iran evidence.,⚪ No evidence found,Open / no public Iran evidence,Conventional financially motivated ransomware/extortion is the leading explanation.,High service-continuity and person-centred risk,No public Iran link; attacker data claims not fully verified.,https://therecord.media/ransomware-group-hijacks-hospital-facebook-amid-cyberattack-response | https://www.hipaajournal.com/anmed-closes-almost-80-facilities-while-it-grapples-with-cyberattack/,Tier 2 specialist healthcare/cyber reporting + affected-operator statements,2026-09-14,Current,No material attribution change recorded.,Open / no evidence,Not reported / not applicable.,Ransomware/extortion ecosystem targeting healthcare enterprise IT,🟡 Probable for AnMed claim; no inheritance across other healthcare incidents.,⚪ Open; conventional criminal campaign is the leading explanation.,Civilian medical system; protected-function relevance high.,Affected operators and users carry the immediate operational and trust burden.,Sources perform different evidentiary functions; actor claims are not treated as independent corroboration.
2026-07-29,Cyber incident / adjacent watch,Adjacent,European Union / Europe,Transport / contract logistics / warehousing,Transport,CEVA Logistics — at least eight European warehouses,"A cyberattack affected part of CEVA Logistics' European contract-logistics operation, disrupting warehouses, delaying shipments and exposing delivery-related customer data.",Warehouse order-processing / contract-logistics IT / customer delivery data,Shipment and returns delays; wider multimodal transport-management effects not established.,Customer delivery data exposed for some clients.,Official/customer reporting,N/A,Unknown,None publicly established.,None recorded.,🟢 Established,🟢 Established,⚪ Open,⚪ Open,🟡 Possible recurrence / logistics dependency signal,"Adjacent — strategically relevant logistics dependency; no demonstrated port-control, strategic-cargo or Iran link.",⚪ No evidence found,Open / no public Iran evidence,"Ransomware, destructive malware, ordinary cybercrime or another non-state intrusion.",Moderate / high supply-chain and data-custody significance,No public Iran attribution; no OT or port-control compromise; no demonstrated military-logistics targeting.,https://therecord.media/ceva-logistics-cyberattack-bol-steam-debijenkorf-ace-tate | https://techcrunch.com/2026/08/10/a-data-breach-at-shipping-giant-ceva-logistics-is-rippling-across-banks-retailers-steam-gamers-and-beyond/,Tier 2 specialist cyber/transport reporting + customer disclosures,2026-09-14,Current,No material attribution change recorded.,Open / no evidence,Not reported / not applicable.,Contracted logistics dependency / warehouse IT concentration,⚪ Open / not established.,⚪ Open; no evidence of linkage to the water campaign or Iranian strategy.,No automatic IHL conclusion from sector or wartime timing.,Affected operators and users carry the immediate operational and trust burden.,Sources perform different evidentiary functions; actor claims are not treated as independent corroboration.
2026-07-29,Cyber incidents / data breach cluster,Core,United Kingdom,Education; government administration; policing / justice data,Policing / justice,Department for Education; Police National Legal Database,"Breaches exposed more than 740,000 data items. ExfilSquad claimed the intrusions and demanded payment; DfE, NCSC, NCA and ICO investigations were under way.",Government data / administrative IT,Large-scale loss of state-held data confidentiality.,"More than 740,000 data items exposed.",📣 Actor-claimed,ExfilSquad,Unknown / newly named cybercriminal group claim,None publicly established.,No public Iran attribution.,🟢 Established,🟢 Established,⚪ Open,🟡 Possible relation between the two UK breaches via same claim,🟡 Possible recurrence,Moderate — essential state administration and policing data,No public Iran attribution,Open,Ordinary cybercrime / extortion; shared access or provider.,High data-governance and person-centred risk,No public evidence of Iranian state direction.,https://www.theguardian.com/technology/2026/jul/29/department-for-education-police-hackers-cybercrime,Tier 3 — reputable reporting,2026-09-14,Current,No material attribution change recorded.,Open / no evidence,Not reported / not applicable.,Government enterprise IT / public-service dependency,⚪ Open / not established.,⚪ Open; no single strategic campaign established.,No automatic IHL conclusion from sector or wartime timing.,Affected operators and users carry the immediate operational and trust burden.,Sources perform different evidentiary functions; actor claims are not treated as independent corroboration.
2026-07-30,Attribution assessment update,Context,United States — Minnesota,Water and wastewater / operational technology,Water / wastewater,More than 30 Minnesota community water systems,US and state officials were reported to believe the Minnesota attacks were probably the work of Iranian hackers; WaterISAC / Minnesota Fusion Center-linked information separately pointed to Iranian-affiliated activity.,Attribution / intelligence record,No new operational effect; attribution assessment strengthened.,N/A,Reported investigative assessment,N/A,Iranian / Iran-affiliated actor not publicly resolved to one operator,Reported Iranian / Iran-affiliated responsibility; exact IRGC direction and operator identity not formally established.,No formal public federal attribution.,🟢 Established as attribution event,N/A,🟡 Probable,🟡 Probable for Minnesota/core cluster,🔴 Established campaign pattern,Very high,Probable for Minnesota/core wave,Reported investigative assessment / state-fusion-centre-linked information,False flag or deliberate mimicry; multiple operators; unrelated exploitation of the same exposed OT.,Very high methodological and strategic significance,Assessment remained preliminary; no formal federal attribution.,"New York Times, 30 July 2026 | WIRED, 30 July 2026 | Minnesota IT Services, 28 July 2026",Tier 1 state source + high-quality reporting on officials / sector intelligence,2026-09-14,Updated,Open → suspected Iran link → probable Iran-linked assessment at Minnesota/core-wave level; formal attribution absent.,Probable,Not reported / not applicable.,Internet-exposed OT / PLC exploitation,⚪ Open / not established.,🟡 Probable for Minnesota/core wave; not inherited by every multi-state incident.,No automatic IHL conclusion from sector or wartime timing.,Affected operators and users carry the immediate operational and trust burden.,Sources perform different evidentiary functions; actor claims are not treated as independent corroboration.
2026-07-30,Campaign update,Core,United States — multi-state,Water and wastewater / operational technology,Water / wastewater,Water and wastewater utilities in at least seven states,CISA and FBI warned of a significant increase in attacks on water and wastewater control technology; utilities in at least seven states had reported incidents and some activity degraded water operations.,OT / industrial control / PLCs,Some incidents degraded operations; device disconnection and sustained manual operations were reported.,Pressure loss and flooding occurred in the wider campaign; no common contamination finding.,Official warning / investigation,N/A,Unknown,Iranian involvement suspected; methods consistent with previously documented Iranian-affiliated PLC activity.,No definitive federal attribution of the entire current wave.,🟢 Established,🟢 Established,🟠 Suspected / developing,🟢 Established multi-state recurrence; common sponsor unresolved,🟠 Credible cluster,Very high,Suspected / unresolved,Suspected,Multiple actors exploiting internet-exposed OT; opportunistic criminal or hacktivist activity; copycats.,High — multi-state essential civilian infrastructure campaign,No definitive federal attribution; no uniform safety effect.,https://www.reuters.com/world/us-cyber-defense-agency-warns-increased-hacker-targeting-water-utilities-2026-07-30/,Tier 1 official advisory + Reuters,2026-09-14,Current,No material attribution change recorded.,Open / no evidence,Manual operations reported within wider campaign.,Internet-exposed OT / PLC exploitation,⚪ Open / not established.,🟡 Probable for Minnesota/core wave; not inherited by every multi-state incident.,Civilian water infrastructure; legal review warranted without presuming unlawfulness.,Affected operators and users carry the immediate operational and trust burden.,Sources perform different evidentiary functions; actor claims are not treated as independent corroboration.
2026-07-31,Attribution / public-position update,Context,United States,Water and wastewater / operational technology,Water / wastewater,Minnesota and wider water campaign,President Trump publicly said he did not believe Iran was responsible for the Minnesota cyberattack while investigators continued to examine an Iranian link and the FBI had not formally attributed the campaign.,Public attribution / policy record,No new operational effect; records a contested public attribution position.,N/A,Public political statement,N/A,Unknown,Competing public/investigative signals; no formal agency attribution.,Presidential statement rejected Iran responsibility; formal agency attribution absent.,🟢 Established as public-position event,N/A,⚪ Open,N/A,🔴 Pattern may exist independently of sponsor,High — demonstrates public/investigative attribution gap,Open / contested,Open,Political interpretation may differ from technical investigation; multiple actors remain possible.,High methodological significance for attribution history,No formal FBI/CISA attribution of the current wave.,https://www.reuters.com/world/us/trump-says-iran-not-blame-minnesota-cyber-attack-2026-07-31/,Reuters reporting on public statement + agency position,2026-09-14,Current,Suspected Iran link in investigative reporting → presidential rejection → formal agency attribution still open.,Open / no evidence,Not reported / not applicable.,Attribution / executive-governance record,⚪ Open / not established.,⚪ Open; no single strategic campaign established.,No automatic IHL conclusion from sector or wartime timing.,Affected operators and users carry the immediate operational and trust burden.,Sources perform different evidentiary functions; actor claims are not treated as independent corroboration.
2026-08-01,Cyber incident cluster,Core,United States — Michigan,Water and wastewater / operational technology,Water / wastewater,Nine Michigan water systems,Michigan reported cyberattacks on nine water systems after a federal alert about attempts to tamper with water-sector operational technology; all affected systems reportedly continued to operate safely.,OT / remote monitoring and control,Issues addressed by local operators; systems continued operating safely.,No known public-health impact.,Official state reporting / FBI investigation,N/A,Unknown,"Activity consistent with federal alerts; Iranian interest in sector known, culprit not identified.",None recorded.,🟢 Established,🟢 Established,⚪ Open,🟡 Probable relationship to broader water OT wave,🟠 Credible cluster,Very high,Open; Iranian involvement not formally attributed,Open,Same exposed technology exploited by unrelated actors; opportunistic activity.,High pattern significance; limited reported local consequence,All systems reportedly operated safely; no known public-health impact.,https://apnews.com/article/77d52a1d7356e608500a1ddb0ec373a6,Tier 1 state + AP,2026-09-14,Current,No material attribution change recorded.,Open / no evidence,Local operator response preserved service.,Internet-exposed OT / PLC exploitation,⚪ Open / not established.,🟡 Probable for Minnesota/core wave; not inherited by every multi-state incident.,No automatic IHL conclusion from sector or wartime timing.,Affected operators and users carry the immediate operational and trust burden.,Sources perform different evidentiary functions; actor claims are not treated as independent corroboration.
2026-08-02,Attribution governance update,Context,United States — multi-state,Water and wastewater / operational technology,Water / wastewater,Widening US water-sector campaign,High-quality reporting said US intelligence agencies assessed Iranian actors were highly likely responsible while President Trump had publicly rejected the Iran explanation and agencies had not issued a formal public attribution.,Attribution / intelligence / governance record,No new operational effect in this row.,N/A,Reported intelligence assessment + contrary political statement,N/A,Iranian actors assessed likely; exact operator unresolved publicly,Reported intelligence assessment materially favours Iranian responsibility; state-direction granularity remains unresolved.,No formal public FBI/CISA/NSA/EPA attribution; presidential statement rejected Iran responsibility.,🟢 Established as public-record conflict,N/A,🟡 Probable,🟡 Probable for core wave; mixed/open for all incidents,🔴 Established campaign pattern,Very high,Probable for core wave; not inherited by every incident,Reported intelligence assessment,Multiple actors / copycats / criminal exploitation may coexist with an Iran-linked core wave.,Very high — evidentiary assessment and politically publishable assessment diverge,No reviewed formal public federal attribution of the whole campaign.,"New York Times reporting, early August 2026 | Reuters, 31 July 2026",High-quality reporting on intelligence / official assessments,2026-09-14,Current,Reported investigative suspicion → probable assessment → high-likelihood intelligence assessment; presidential rejection remains.,Probable,Not reported / not applicable.,Attribution / executive-governance record,⚪ Open / not established.,⚪ Open; no single strategic campaign established.,No automatic IHL conclusion from sector or wartime timing.,Affected operators and users carry the immediate operational and trust burden.,Sources perform different evidentiary functions; actor claims are not treated as independent corroboration.
2026-08-04,Campaign expansion,Core,United States — at least 12 states,Water and wastewater / operational technology,Water / wastewater,Municipal water and wastewater utilities,"Reporting widened the known footprint of the water-sector cyber activity to at least 12 states, making recurrence a nationally distributed campaign-level phenomenon.",OT / PLC / remote-control systems,"Effects varied; wider campaign included lockouts, settings changes, manual operation, pressure disruption and temporary outages.","No general contamination finding; physical-process effects documented at some facilities, not all.",Campaign-level reporting,N/A,Unknown / potentially multiple,Iran remained a serious investigative hypothesis; common sponsorship unresolved.,No definitive public attribution of the whole current wave.,🟢 Established campaign expansion,🟢 Established that operational effects occurred somewhere in campaign,🟠 Suspected / developing,🟢 Established recurrence; common operator/customer open,🔴 Established campaign pattern,Very high,Suspected / unresolved,Suspected,Several operators exploiting same exposed technology; copycats; criminal/hacktivist activity.,Very high national-resilience significance,No uniform effect across all utilities.,https://www.axios.com/2026/08/04/water-cyberattacks-us-iran | https://apnews.com/article/77d52a1d7356e608500a1ddb0ec373a6,Official background + reporting,2026-09-14,Current,No material attribution change recorded.,Open / no evidence,Manual operation reported within campaign.,Internet-exposed OT / PLC exploitation,⚪ Open / not established.,🟡 Probable for Minnesota/core wave; not inherited by every multi-state incident.,No automatic IHL conclusion from sector or wartime timing.,Affected operators and users carry the immediate operational and trust burden.,Sources perform different evidentiary functions; actor claims are not treated as independent corroboration.
2026-08-06,Cybercrime campaign / targeting,Core,United States,Financial services / financial market infrastructure,Financial services,"Major private-equity firms, hedge funds, ratings agencies and CME Group among targets",A coordinated vishing / credential-harvesting campaign targeted major US financial firms; Google tracked the underlying activity as UNC6671 / BlackFile-related criminal extortion.,Identity / SSO / cloud SaaS / enterprise data,Extensive targeting; no market-wide operational disruption reported.,Potential credential compromise and data theft; impact varied by victim.,Technical campaign attribution / reporting,BlackFile-related aliases / extortion operators,UNC6671 / BlackFile-related criminal extortion ecosystem,None publicly established.,None.,🟢 Established,🟠 Developing for named targets,🟢 Established as criminal extortion cluster; ⚪ state customer open,🟢 Established criminal campaign pattern,🔴 Established cybercrime campaign pattern,"Moderate — systemic finance perimeter during wartime, but no positive Iran evidence",⚪ Open / no public evidence of Iran involvement,Open,Straightforward financially motivated cybercrime is the leading explanation.,High targeting significance; no reported systemic outage,No public Iran attribution; no established market-wide disruption.,https://www.reuters.com/world/hackers-targeted-us-private-equity-other-firms-including-blackstone-cme-data-2026-08-06/ | https://cloud.google.com/blog/topics/threat-intelligence/blackfile-vishing-extortion-operation/,Primary technical research + Reuters,2026-09-14,Current,No material attribution change recorded.,Open / no evidence,Not reported / not applicable.,Identity compromise / vishing / extortion,⚪ Open / not established.,⚪ Open; no single strategic campaign established.,No automatic IHL conclusion from sector or wartime timing.,Affected operators and users carry the immediate operational and trust burden.,Sources perform different evidentiary functions; actor claims are not treated as independent corroboration.
2026-08-07,Cyber incident,Core,United States — California,Local government administration / public safety,Government / administration,Suisun City,"Malicious software compromised city IT, prompting network shutdown and emergency measures; later the city council considered a demand from the perpetrators.",Municipal enterprise IT / 911 routing / police and fire dispatch / records,City services disrupted; 911 and dispatch rerouted through Solano County while police and fire response continued.,No imminent public-safety threat reported; personal-data theft not established.,Officially reported incident; extortion demand reported,N/A,Unknown,None publicly established.,None recorded.,🟢 Established,🟢 Established,🟠 Suspected criminal/extortion; operator open,🟠 Developing criminal/extortion explanation; no evidence of Iran,🟠 Credible US local-government disruption cluster,Moderate — essential public-safety administration; extortion evidence weakens common Iran-campaign inference,⚪ No evidence found,Open / no public Iran evidence,Financially motivated ransomware/extortion is the leading developing explanation.,High local public-service continuity significance,No public Iran link; exact malware/operator undisclosed; public-safety response continued.,https://www.suisun.com/Community/20260807Cybersecurity-Incident-Updates | https://www.sfchronicle.com/bayarea/article/suisun-city-cyberattack-demand-22384401.php,Affected authority + regional reporting,2026-09-14,Current,No material attribution change recorded.,Open / no evidence,911/dispatch rerouted to Solano County.,Municipal enterprise-IT exposure / public-safety dependency / extortion,⚪ Open / not established.,⚪ Open; no single strategic campaign established.,No automatic IHL conclusion from sector or wartime timing.,Affected operators and users carry the immediate operational and trust burden.,Sources perform different evidentiary functions; actor claims are not treated as independent corroboration.
2026-08-10,Cyber incident / recovery update,Core,Canada — Manitoba,Healthcare / hospital facilities / physical-support infrastructure,Healthcare / medical supply,Health Sciences Centre Winnipeg and CancerCare Manitoba,Ransomware affected the facilities-maintenance network supporting Manitoba's largest hospital and CancerCare Manitoba. Central HVAC monitoring and access-card administration were affected while clinical care continued.,Facilities-maintenance IT / central HVAC monitoring / physical-access administration,Central facility monitoring and access-card administration degraded; local HVAC operation and clinical care continued.,No initial indication that personal health or financial information was accessed.,Affected-authority confirmation,N/A,Unknown ransomware operator,None publicly established.,No state attribution.,🟢 Established,🟢 Established,⚪ Open,⚪ Open,🟡 Cyber-to-physical comparator,Moderate — hospital physical-support infrastructure during war window; no Iran evidence,⚪ No public evidence found,Open,Straightforward financially motivated ransomware is presently the stronger explanation.,Moderate — physical-support systems affected without loss of clinical care,No evidence of attacker manipulation of HVAC settings; clinical care continued.,https://sharedhealthmb.ca/news-releases/2026-08-14-ransomware-incident-update/ | https://winnipeg.citynews.ca/2026/08/17/health-sciences-centre-winnipeg-ransomware-attack-update/,Tier 1 affected authority + local reporting,2026-09-14,Current,No material attribution change recorded.,Open / no evidence,Local HVAC monitoring continued.,Ransomware reaching facilities-support network,⚪ Open / not established.,⚪ Open; no single strategic campaign established.,"Civilian medical facility; protected-function relevance high, but no state nexus established.","Patients, staff, facilities teams and security administrators carried operational risk.",Sources perform different evidentiary functions; actor claims are not treated as independent corroboration.
2026-08-12,Attribution development,Context,United States — Minnesota,Water and wastewater / operational technology,Water / wastewater,Minnesota/core water-system wave,APT IRAN publicly claimed the Minnesota attack was conducted jointly with CyberAv3ngers. FBI and Minnesota authorities were reported aware of the posts but did not validate the claim.,Attribution / actor-claim record,No new operational effect; material change in public attribution history.,N/A,📣 Actor-claimed,APT IRAN / CyberAv3ngers,Claimed APT IRAN + CyberAv3ngers; forensic corroboration not public.,CyberAv3ngers has an established prior US-government-described IRGC affiliation; current-operation direction separately unproven.,No formal federal attribution of the campaign; authorities did not publicly validate the claim.,🟢 Established as claim event,N/A,🟡 Probable for Iran-linked Minnesota/core wave; formal attribution absent,Established prior CyberAv3ngers–IRGC relationship; current direction developing,🔴 Established water-sector campaign pattern,Very high,Probable for Minnesota/core wave; actor claim strengthens but does not prove,Reported intelligence assessment + aligned actor claim; formal attribution absent,False or exaggerated claim; mimicry; partial responsibility; multiple operators/copycats.,Very high methodological and strategic significance,No public forensic validation; no formal campaign attribution; no proof every incident shares the claimed operator.,https://kstp.com/kstp-news/top-news/hacking-group-linked-to-iran-claims-responsibility-for-cyberattack-on-minnesota-water-systems-report-says/ | https://www.cisa.gov/news-events/cybersecurity-advisories/aa23-335a,Actor claim relay + reporting + prior government affiliation record,2026-09-14,Current,Investigative suspicion → likely-Iran assessment → APT IRAN/CyberAv3ngers claim; formal attribution still absent.,Probable,Not reported / not applicable.,IRGC-affiliated actor ecosystem / public claim layered onto prior intelligence assessment,🟡 Probable for Minnesota/core wave; open for entire multistate set.,🟡 Probable Iran-linked core wave within wider heterogeneous attack surface.,No automatic IHL conclusion from sector or wartime timing.,Affected operators and users carry the immediate operational and trust burden.,Sources perform different evidentiary functions; actor claims are not treated as independent corroboration.
2026-08-12,Cyber incident,Core,United States — South Carolina,Local government administration,Government / administration,Darlington County,The county disclosed a cybersecurity incident affecting computer systems and limiting services; some systems were proactively taken offline while specialists and law enforcement assisted.,County enterprise IT / telephony / administrative services,Some services and phone lines operated at limited capacity; emergency services and 911 remained operational.,No public data-theft or physical-effect finding.,Officially reported incident,N/A,Unknown,None publicly established.,None recorded.,🟢 Established,🟢 Established,⚪ Open,⚪ Open,🟠 Credible US local-government disruption cluster,Moderate as a resilience/pattern signal; no public Iran evidence,⚪ No evidence found,Open / no public Iran evidence,Ordinary cybercrime; unrelated state or non-state activity.,Moderate local-government continuity significance,"No ransomware finding, threat-actor identification or Iran link.",https://www.wmbfnews.com/2026/08/12/cybersecurity-incident-limits-some-services-darlington-county/,Affected-authority statement + local reporting,2026-09-14,Current,No material attribution change recorded.,Open / no evidence,Emergency and 911 services remained operational.,Municipal enterprise-IT exposure / service degradation,⚪ Open / not established.,⚪ Open; no single strategic campaign established.,No automatic IHL conclusion from sector or wartime timing.,Affected operators and users carry the immediate operational and trust burden.,Sources perform different evidentiary functions; actor claims are not treated as independent corroboration.
2026-08-13,Cybercrime campaign / data-extortion claim,Adjacent,International / cross-sector,Enterprise engineering / product-lifecycle management,Cross-sector / other,"Nearly 50 organisations claimed; Shell, Philips, GE and Fiserv among named targets",Cl0p claimed data theft from nearly 50 organisations through exploitation of PTC Windchill and FlexPLM; victim confirmation varied.,Enterprise engineering / product-lifecycle management platforms,No generally established essential-service disruption; victim-specific confirmation varied.,Data-theft claims across a shared-software campaign; no general physical-process effect established.,📣 Actor-claimed / partial victim confirmation,Cl0p,Cl0p / mass-extortion ecosystem,None publicly established.,None recorded.,🟢 Established,🟠 Developing at individual-victim level,🟢 Established criminal actor claim; ⚪ state customer open,🟡 Probable shared-software exploitation,🔴 Established cybercrime campaign pattern,Adjacent comparator: cross-sector reach from shared technical opportunity does not establish strategic selection by Iran.,⚪ No evidence found,Open / no public Iran evidence,Individual victim claims may be exaggerated or differently scoped.,High data-security and supply-chain significance,No public Iran connection; no generally established essential-service outage.,https://www.reuters.com/legal/government/philips-shell-targeted-by-hacking-group-2026-08-13/ | https://www.ptc.com/en/about/trust-center/advisory-center/active-advisories/windchill-flexplm-rce-vulnerability,Vendor advisory + Reuters,2026-09-14,Current,No material attribution change recorded.,Open / no evidence,Not reported / not applicable.,Shared-software exploitation / scalable mass extortion,⚪ Open / not established.,⚪ Open; no single strategic campaign established.,No automatic IHL conclusion from sector or wartime timing.,Affected operators and users carry the immediate operational and trust burden.,Sources perform different evidentiary functions; actor claims are not treated as independent corroboration.
2026-08-13,Cyber incident / disclosure and response,Core,France,National tax administration / public finance / government data,Government / administration,Direction générale des Finances publiques (DGFiP),"France confirmed illegitimate access to a tax-authority system allowed consultation and extraction of individual and business data. Later reporting put the affected population at about 700,000 taxpayers.",Government enterprise IT / VPN / tax-data systems,Confidentiality loss confirmed; service disruption not established.,Taxpayer and business data extracted; record manipulation not established.,Officially confirmed; actor claimed,ZeroBytes,Unknown,None publicly established.,None recorded.,🟢 Established,🟢 Established confidentiality loss,🟡 Probable criminal monetisation; operator identity unresolved,🟠 Developing French public-administration exposure cluster,🟠 Credible public-administration exposure cluster,Essential state-data incident; useful comparator because criminal monetisation is favoured and no Iran link established.,⚪ No evidence found,Open / no public Iran evidence,Financially motivated criminal intrusion is leading explanation; later resale or tasking unsupported.,"High public-administration, privacy, fraud and trust significance","No established service disruption, record manipulation, common operator with water campaign or Iran connection.",https://www.reuters.com/legal/litigation/french-taxpayers-data-stolen-cyber-attack-french-finance-ministry-says-2026-08-14/ | https://www.reuters.com/world/france-use-ai-tools-test-cybsecurity-vulnerabilities-after-tax-agency-hacking-2026-08-18/,Reuters on official confirmation and actor claims,2026-09-14,Current,No material attribution change recorded.,Open / no evidence,Not reported / not applicable.,Identity / credential abuse + criminal data monetisation,⚪ Open / not established.,⚪ Open; no single strategic campaign established.,No automatic IHL conclusion from sector or wartime timing.,Affected operators and users carry the immediate operational and trust burden.,Sources perform different evidentiary functions; actor claims are not treated as independent corroboration.
2026-08-17,Preparedness / governance update,Context,United States — Connecticut,Water and wastewater / operational technology preparedness,Water / wastewater,Connecticut community water systems and state response bodies,Connecticut distributed federal mitigation guidance after attacks elsewhere. No Connecticut attack was reported; the state lacked a central inventory identifying which local systems used affected controller classes.,Threat posture / asset inventory / mitigation distribution,No new incident or service effect.,None reported in Connecticut.,Official preparedness disclosure reported,N/A,N/A,Not applicable to a new Connecticut incident.,No new incident to attribute.,N/A — no Connecticut incident reported,N/A,N/A,🟢 Established response to wider water campaign,🔴 Established water-sector campaign response,High as response-architecture evidence; not evidence of another Iranian attack.,Not applicable to a new incident,Not applicable / context,N/A,High governance significance because mitigation depends on component visibility.,No Connecticut attack reported; no central component-level inventory in reported form.,https://www.ctinsider.com/connecticut/article/connecticut-water-systems-cyberattack-controller-22374980.php,State-focused reporting on official preparedness disclosures,2026-09-14,Current,No material attribution change recorded.,Other / established,Many small systems reported as capable of manual operation.,Preparedness distribution / fragmented ownership / asset-inventory gap,Not applicable.,Not applicable to a new incident.,No automatic IHL conclusion from sector or wartime timing.,Affected operators and users carry the immediate operational and trust burden.,Sources perform different evidentiary functions; actor claims are not treated as independent corroboration.
2026-08-18,Charging / enforcement event,Context,United States / Iran,Universities; companies; government agencies; NGOs,Cross-sector / other,Mabna Institute defendants and historical victim set,"US DOJ announced a superseding indictment charging 17 alleged Mabna Institute members over historical 2013–2017 activity affecting universities, companies, government agencies and NGOs.",Credential theft / spearphishing / academic and enterprise data,No new 2026 operational effect; expands charging and attribution history.,More than 31 terabytes of historical academic data and intellectual property allegedly stolen.,US government allegations / superseding indictment,Mabna Institute,Seventeen charged alleged members / contractors / affiliates,DOJ alleges university spearphishing was conducted on behalf of the IRGC and Mabna served Iranian governmental and private clients.,Formal US criminal allegations concerning a historical campaign; adjudication pending.,🟢 Charging event confirmed,🟢 Historical data-theft allegation formally pleaded,🟢 Established as a US government allegation; not a conviction,🟢 Historical Mabna–IRGC tasking allegation; ⚪ no connection to current incidents,⚪ Historical contractor / attribution comparator,High for contractor/customer/tasking model; not a new wartime attack.,Established as a formal US government allegation,Official allegation / historical,Allegations remain to be adjudicated; unrelated current incidents cannot inherit Mabna attribution.,High historical espionage and contractor-ecosystem significance,"Not a new 2026 attack; no evidence connects Mabna to current water, ransomware, logistics, Siemens or French incidents.",https://www.justice.gov/opa/pr/17-iranians-charged-conducting-massive-cyber-theft-campaign-behalf-islamic-revolutionary,Tier 1 official charging documents,2026-09-14,Current,No material attribution change recorded.,Other / established,Not reported / not applicable.,Hackers-for-hire / contractor tasking / credential theft / data acquisition,🟢 For charged historical conspiracy as alleged; not transferable to current incidents.,⚪ No evidence connects historical campaign to current incident set.,No automatic IHL conclusion from sector or wartime timing.,Affected operators and users carry the immediate operational and trust burden.,Sources perform different evidentiary functions; actor claims are not treated as independent corroboration.
2026-08-19,Defensive advisory / active-threat warning,Context,United States — cross-sector,Manufacturing; energy; water and wastewater; chemical; food and agriculture,Cross-sector / other,Operators using Siemens S7-series programmable logic controllers,"CISA, NSA, FBI, DOE, EPA and partners warned of an active threat to Siemens S7-series PLCs across multiple critical-infrastructure sectors and described possible read-and-write access.",Operational technology / programmable logic controllers,"Potential disruption, downtime and cascading effects; no specific completed incident established by advisory alone.","Potential safety incidents, equipment damage and sensitive-data compromise; actual effects not established.",Official defensive advisory,N/A,Unknown,No public state relationship established in the advisory.,The advisory did not attribute the active threat to Iran.,🟢 Advisory confirmed; specific incident not established,N/A — potential effects only,⚪ Open,🟡 Related to wider OT threat surface; not evidence of one operator,🟠 Active cross-sector OT threat watch,High defensive relevance during war and water campaign; Iran attribution absent.,⚪ Not made in the advisory,Open / no public Iran evidence,"Multiple state, criminal, hacktivist or opportunistic actors may target same exposed controller class.",Very high potential cross-sector safety and continuity significance; actual effects not established.,"No specific completed incident, safety effect, equipment damage or Iran attribution established by advisory alone.",https://www.cisa.gov/news-events/cybersecurity-advisories/aa26-231a | https://www.reuters.com/world/us-warns-siemens-devices-can-be-hacked-amid-fears-iran-is-breaching-water-plants-2026-08-19/,Tier 1 multi-agency advisory + Reuters context,2026-09-14,Current,No material attribution change recorded.,Open / no evidence,Not reported / not applicable.,Internet-exposed shared industrial-control technology / active exploitation,⚪ Open / not established.,⚪ Open; warning does not establish one sponsor.,No automatic IHL conclusion from sector or wartime timing.,Affected operators and users carry the immediate operational and trust burden.,Sources perform different evidentiary functions; actor claims are not treated as independent corroboration.
2026-08-19,Attribution governance update,Context,United States — multi-state,Water and wastewater / operational technology,Water / wastewater,Minnesota/core wave and wider US water campaign,Federal officials still stopped short of formally attributing recent local water-system attacks to Iran. The presidential rejection of Iranian involvement had remained unresolved for 19 days while reported intelligence assessment and APT IRAN/CyberAv3ngers claim favoured an Iran-linked core-wave interpretation.,Attribution / intelligence / executive-governance record,No new operational effect; prolonged public executive-level uncertainty.,N/A,Reported intelligence assessment + actor claim + divergent presidential position,APT IRAN / CyberAv3ngers,Iran-linked operator probable for Minnesota/core wave; exact operator unresolved publicly,Prior CyberAv3ngers–IRGC affiliation established; current-operation direction separately unproven.,Formal federal campaign attribution remained absent; president had publicly rejected Iranian responsibility.,🟢 Established as a governance event,N/A,🟡 Probable for Minnesota/core wave; formal attribution absent,🟡 Probable for core wave; open across whole multistate set,🔴 Established water-sector campaign pattern,"Very high — uncertainty affects warning, accountability and defensive interpretation.",Probable for Minnesota/core wave; unresolved formally,Reported assessment + actor claim / formal attribution absent,False or exaggerated claim; multiple operators; copycats; opportunistic exploitation; partial Iran-linked responsibility.,Very high attribution-governance significance,"No formal federal attribution; no proof every incident shares one operator, customer or state direction.",https://www.reuters.com/world/us-warns-siemens-devices-can-be-hacked-amid-fears-iran-is-breaching-water-plants-2026-08-19/ | https://kstp.com/kstp-news/top-news/hacking-group-linked-to-iran-claims-responsibility-for-cyberattack-on-minnesota-water-systems-report-says/,Reuters/local reporting + prior government relationship advisory,2026-09-14,Updated attribution-history event,31 July presidential rejection → 12 August actor claim → 19 August formal attribution still absent.,Probable,Not reported / not applicable.,Attribution / executive-governance record layered onto established OT campaign,🟡 Probable for Minnesota/core wave; open for entire multistate set.,🟡 Probable Iran-linked core wave; not inherited by every incident.,No automatic IHL conclusion from sector or wartime timing.,Affected operators and users carry the immediate operational and trust burden.,Sources perform different evidentiary functions; actor claims are not treated as independent corroboration.
2026-08-23,Cyber incident disclosure,Core,United Kingdom,Energy / electricity generation,Energy / power,Unidentified small-scale UK power generator,A cyberattack disclosed on 23 August forced a small UK power generator offline for four days in July. Officials said the site was too small to threaten the wider electricity system.,Energy generation / operational technology,Physical electricity-generation operations stopped for four days.,Facility shutdown confirmed in reporting; no national grid-level disruption or cascading failure reported.,Government / media disclosure,N/A,Suspected Iran-linked actor; specific group not publicly established,Multiple reports described attackers as Iran-linked; current state direction unresolved.,"No formal public NCSC technical attribution naming Iran, IRGC or a specific group identified in reviewed record.",🟢 Established,🟢 Established,🟠 / 🟡 Developing,🟡 Consistent with wider OT pattern,🟠 Cross-sector OT expansion,Very high — physical energy-generation effect in allied state,Suspected / probable Iran-linked activity; formal attribution absent,Suspected / developing,Iran-aligned hacktivist acting independently; criminal or proxy intrusion; another operator borrowing ICS tradecraft.,High — cyber-induced four-day generation shutdown,No national-grid impact; no evidence of cascading failure; no CyberAv3ngers-specific technical attribution.,https://www.bbc.co.uk/news/articles/ce9793g34yvo | https://www.theguardian.com/technology/2026/aug/23/iran-linked-hackers-uk-power-generator-cyber-attack | https://www.ncsc.gov.uk/news/uk-organisations-urged-bolster-cyber-resilience-amid-iran-conflict,Official sector context + major reporting,2026-09-14,Current,Incident occurred in July → disclosed 23 August as suspected Iran-linked energy disruption.,Suspected,Not reported / not applicable.,Operational-technology compromise causing generation shutdown,🟠 Developing; similar strategic logic does not prove same operator as US water wave.,🟡 Strengthens broader Iran-linked OT campaign hypothesis without formal attribution.,"Civilian energy infrastructure; legal analysis depends on nexus, target function, effects and attribution.",Generator operator and energy-sector defenders carried direct recovery and signalling costs.,Sources perform different evidentiary functions; actor claims are not treated as independent corroboration.
2026-08-26,Campaign-scale disclosure / attribution update,Core,United States — multi-state,Water and wastewater / operational technology,Water / wastewater,More than 100 internet-exposed water and wastewater systems,"CISA publicly quantified July malicious activity at more than 100 internet-exposed water and wastewater systems, commonly reaching PLCs connected directly through cellular modems.",Internet-exposed OT / PLCs / cellular modem access,"Most systems avoided major supply interruption, but campaign produced outages and operational disruption during response; earlier cases included PLC interference.",Campaign-scale exposure and operational interference; unsafe-condition potential where alarms/shutdown processes were affected.,Official campaign-scale disclosure,N/A,Unknown / potentially multiple; Iranian responsibility reportedly favoured for much of core campaign,Senior-official reporting said US intelligence considered Iran likely responsible for much of opportunistic water campaign.,Federal agencies still had not publicly attributed every incident in the July cluster to Tehran.,🟢 100+ systems publicly disclosed,🟢 Operational effects established in part of campaign,🟡 Probable for core Iran-linked campaign; case-specific for every system,🟢 Established sector-wide recurrence; common operator unresolved,🔴 Established campaign pattern,Very high — sector-scale wartime OT campaign,Probable for much of core water campaign; not automatic for every system,Probable / reported intelligence assessment,"Independent criminals, hacktivists or other states can exploit same exposed hardware and tooling.",Very high national-resilience and learning-value significance,Most systems did not suffer major water-supply interruption; no formal attribution of every incident.,https://www.securityweek.com/cisa-over-100-internet-exposed-water-systems-targeted-in-july-cyberattacks/ | https://techcrunch.com/2026/08/26/cisa-confirms-hackers-targeted-over-100-us-water-systems-during-july/,CISA disclosure relayed by specialist reporting,2026-09-14,Updated campaign scale,30+ Minnesota systems → 7 states → 12+ states → 100+ systems disclosed by CISA.,Probable,Manual intervention and response workarounds used in parts of campaign.,Sector-wide scanning of exposed OT / PLCs,🟠 / 🟡 Core campaign recurrence established; multiple simultaneous operators remain viable.,🟡 / 🔴 Strong evidence of sector-scale opportunity hunting; common state sponsor remains case-specific.,Civilian water infrastructure; operational effects warrant legal review where armed-conflict nexus and attribution can be shown.,Affected operators and users carry the immediate operational and trust burden.,Sources perform different evidentiary functions; actor claims are not treated as independent corroboration.
2026-08-26,Cyber incident / supply-chain comparator,Adjacent,United States — Kansas / downstream water customers,Water-sector technology / SCADA / industrial-control supply chain,Water / wastewater,Micro-Comm,"FBI investigated a breach of Micro-Comm, a water-sector control-technology supplier. Barracuda ransomware later published a claimed large data set.",Vendor enterprise IT / product and customer information,No public evidence the breach itself compromised operation of a downstream water utility.,"Potential exposure of customer references, product diagrams and other information; company said customer credentials and remote-access information were not stolen.",📣 Actor-claimed ransomware publication,Barracuda,Barracuda ransomware / criminal affiliate ecosystem,None publicly established.,FBI investigation; no Iran attribution.,🟢 Established,🟠 Data exposure developing,🟡 Criminal explanation strongly favoured,⚪ No established relationship to July water attacks,🟡 Supply-chain exposure comparator,High structural relevance; weak Iran attribution relevance,⚪ No credible public evidence found,Open / no public Iran evidence,Ordinary opportunistic ransomware is leading explanation.,Moderate / high future legibility risk to industrial ecosystem,No evidence water operations were compromised; company said breach unrelated to contemporary water attacks.,https://www.reuters.com/world/hack-water-sector-supplier-draws-fbi-scrutiny-iran-linked-cyber-concerns-grow-2026-08-26/,Reuters + company/FBI statements,2026-09-14,Current,No material attribution change recorded.,Open / no evidence,Not reported / not applicable.,Criminal supplier compromise → possible downstream product/customer intelligence,⚪ Open / not established.,⚪ No evidence Iran commissioned Barracuda; secondary use by unrelated actors remains plausible.,No automatic IHL conclusion from sector or wartime timing.,Affected operators and users carry the immediate operational and trust burden.,Sources perform different evidentiary functions; actor claims are not treated as independent corroboration.
2026-08-26,Charging / enforcement / competing-actor comparator,Context,United States,Government; energy; telecommunications; healthcare,Cross-sector / other,QTFY / QScan / QTRouter infrastructure,"DOJ and FBI disrupted QScan and QTRouter platforms operated by China-linked QTFY, which authorities said targeted government agencies, power companies, telecoms providers and hospital systems.","Automated scanning / compromised routers, cameras and IoT / proxy infrastructure",Disruption disabled attacker infrastructure rather than documenting a new physical outage.,"Thousands of internet-connected devices were used for scanning, compromise and concealment.",Official US enforcement attribution,QTFY,QTFY / Nanjing Xinjiuwei Network Technology,US authorities described QTFY as PRC state-sponsored and serving customers including MSS and PLA.,High-confidence US government attribution to PRC-linked hacker-for-hire ecosystem.,🟢 Established,🟢 Enforcement effect established,🟢 Established in US government attribution,🟢 Competing actor population targeting overlapping sectors,🔴 Established competing state-linked ecosystem,High attribution-contamination relevance; does not strengthen Iran case,❌ Not Iran; publicly tied to China,Excluded for Iran attribution,N/A — row is itself a competing-actor explanation.,Very high attribution-method significance,No evidence QTFY explains the water campaign or UK generator incident.,https://www.justice.gov/opa/pr/justice-department-and-fbi-seize-platforms-operated-and-used-china-state-sponsored-hackers,Tier 1 — DOJ/FBI,2026-09-14,Current,No material attribution change recorded.,Excluded / other state,Not reported / not applicable.,State-linked contractor / automated scanning / third-party-device concealment,🟢 QTFY campaign established; no inheritance to unrelated incidents.,🔴 Establishes multiple state-linked ecosystems simultaneously hunting overlapping infrastructure.,No automatic IHL conclusion from sector or wartime timing.,Affected operators and users carry the immediate operational and trust burden.,Sources perform different evidentiary functions; actor claims are not treated as independent corroboration.
2026-08-26,Cyber incident,Core,United States,Federal law enforcement / investigative administration,Government / administration,"Bureau of Alcohol, Tobacco, Firearms and Explosives",ATF confirmed a cyberattack on a standalone system containing information about targets of investigations; DOJ classified it as a major incident.,Standalone investigative information system,Affected environment disconnected; no mission-wide outage reported.,Potential compromise of sensitive investigative data; exfiltration scope not publicly resolved.,📣 Actor-claimed,Qilin,Qilin claim / RaaS affiliate possible,None publicly established.,ATF did not publicly attribute breach to Qilin in reviewed record.,🟢 Established,🟠 Developing,🟠 Suspected for Qilin; ⚪ no Iran evidence,⚪ Open,🟡 Mixed-ecosystem comparator,Moderate — sensitive federal system during wartime; not an Iran case on current evidence,⚪ No evidence found,Open / no public Iran evidence,Qilin affiliate; access broker; exaggerated claim; another actor.,High investigative-confidentiality significance,"Enterprise network, eForms, case-management and lab systems reportedly unaffected; no Iran evidence.","Qilin claim and ATF / DOJ public reporting, August 2026",Affected-authority confirmation + attacker claim,2026-09-14,Current,No material attribution change recorded.,Open / no evidence,Not reported / not applicable.,Ransomware-as-a-service / possible affiliate or access broker,⚪ Open / not established.,⚪ Open; no single strategic campaign established.,No automatic IHL conclusion from sector or wartime timing.,Affected operators and users carry the immediate operational and trust burden.,Sources perform different evidentiary functions; actor claims are not treated as independent corroboration.
2026-08-27,Cyber incident disclosure,Adjacent,United Kingdom,Transport / airport digital infrastructure,Transport,Manchester Airports Group,"MAG disclosed a cyberattack compromising data belonging to about 8.7 million customers across Manchester, London Stansted and East Midlands airports.",Customer-service / booking / Wi-Fi / parking data systems,"Flights, passenger safety and aviation security reportedly unaffected; some customer-facing booking functionality temporarily affected.","Email addresses, phone numbers, vehicle registrations and postcodes exposed; no payment data stored in compromised system.",Official operator disclosure,N/A,Unknown,None publicly established.,None recorded.,🟢 Established,🟢 Data exposure established,⚪ Open,⚪ Open,🟡 Strategically important transport-sector comparator,"Moderate — major transport operator compromised, but current evidence fits data theft/extortion better than coercive state disruption",⚪ No credible public evidence tying incident to Iran,Open / no public Iran evidence,Ordinary extortion / data theft; access-broker compromise; less likely state-linked intrusion disguised as crime.,High privacy and operator-trust impact; low aviation-operations impact,"No flight, safety or aviation-security disruption; no Iran evidence.",https://www.manchesterairport.co.uk/help/data-security-incident/,Tier 1 operator statement + major reporting,2026-09-14,Current,No material attribution change recorded.,Open / no evidence,Not reported / not applicable.,Enterprise data theft / extortion,⚪ Open / not established.,⚪ Open; no single strategic campaign established.,No automatic IHL conclusion from sector or wartime timing.,Affected operators and users carry the immediate operational and trust burden.,Sources perform different evidentiary functions; actor claims are not treated as independent corroboration.
2026-08-28,Cyber incident / attribution development,Core,Germany — Berlin,State government administration,Government / administration,Berlin Senate departments,"Berlin treated its August network compromise as an extortion attack; Rhysida claimed responsibility. Data left networks of departments responsible for mobility, climate, environment, urban development and housing.",State-government enterprise IT / administrative records,Housing-benefit applications and payments could not be processed while departments were isolated.,Data exfiltration confirmed; attacker claimed a much larger volume and sensitive contents.,📣 Actor-claimed,Rhysida,Rhysida / affiliate possible,None publicly established.,Berlin had not formally attributed the incident to a state actor.,🟢 Established,🟢 Established,🟡 Probable for Rhysida; ⚪ no Iran evidence,🟡 Ransomware explanation strongly favoured,🟠 Government-administration disruption comparator,"Moderate — public-service disruption during wartime, but evidence points to ordinary ransomware",⚪ No evidence found,Open / no public Iran evidence,Straightforward double-extortion ransomware; affiliate or access broker may complicate operator chain.,High administrative-continuity and data-risk significance,Berlin election infrastructure reportedly unaffected; no Iran evidence.,https://www.reuters.com/world/berlin-city-government-says-it-wont-submit-extortion-after-pre-election-2026-08-28/,Reuters on official Berlin statements,2026-09-14,Current,No material attribution change recorded.,Open / no evidence,Not reported / not applicable.,Ransomware / double extortion,⚪ Open / not established.,⚪ Open; no single strategic campaign established.,No automatic IHL conclusion from sector or wartime timing.,Affected operators and users carry the immediate operational and trust burden.,Sources perform different evidentiary functions; actor claims are not treated as independent corroboration.
2026-08-31,Cyber incident / materiality update,Core,United States,Healthcare / hospital administration / sensitive data,Healthcare / medical supply,Nutex Health,"Nutex Health escalated its August incident to an SEC Item 1.05 Material Cybersecurity Incident, confirming exfiltration of patient, employee, provider, business and financial information and a publication threat.",Hospital-network enterprise IT / administrative data,No material disruption to hospital operations or financial-reporting systems identified.,Sensitive data exfiltration and extortion exposure.,Company materiality disclosure + ransomware reporting,The Gentlemen (reported),Likely criminal extortion / affiliate ecosystem,None publicly established.,None recorded.,🟢 Established,🟢 Data exfiltration confirmed,🟡 Criminal extortion favoured; ⚪ no Iran evidence,⚪ Open,🟠 Healthcare mixed-actor threat environment,"Moderate — healthcare target, but evidence fits cybercrime",⚪ No evidence found,Open / no public Iran evidence,Straightforward criminal extortion; affiliate or initial-access broker.,High privacy/extortion impact; low service-delivery effect,No material operational disruption identified; no Iranian direction evidence.,"Nutex SEC Item 1.05 filing, 31 August 2026",Tier 1 company filing + reporting,2026-09-14,Current,No material attribution change recorded.,Open / no evidence,Not reported / not applicable.,Ransomware / extortion against hospital administration,⚪ Open / not established.,⚪ Open; no single strategic campaign established.,No automatic IHL conclusion from sector or wartime timing.,Affected operators and users carry the immediate operational and trust burden.,Sources perform different evidentiary functions; actor claims are not treated as independent corroboration.
2026-09-01,Capability-development / threat-method update,Context,United States / United Kingdom / wider Western OT environment,Energy / industrial control / operational technology,Energy / power,Western energy and OT assets,Reuters reported Iranian-aligned actors using AI-generated or AI-assisted scripts against OT assets including PLCs used in power generation and substations.,OT protocol research / automation / target selection,No new physical outage attributed specifically to these scripts.,Capability and scaling effect rather than a new victim effect.,Researcher / industry reporting,N/A,Iranian-aligned actors,Moderate campaign-level Iran alignment; individual state command unresolved.,No new case-specific government attribution.,🟢 Capability development credibly reported,N/A — no new outage,🟡 Moderate for Iranian-aligned use of tooling,🟡 Fits existing Iran-linked PLC activity; not proof for every AI-assisted OT intrusion,🔴 Scaling layer added to OT campaign,Very high — lowers cost of attacking exposed industrial systems,🟡 Credibly reported Iranian-aligned use; individual incidents remain case-specific,Probable / campaign-level,"Hacktivists, criminals, contractors and other states can reproduce similar tooling.",Very high potential volume and defensive-cost significance,No specific newly disrupted plant attributed to AI-assisted scripts.,https://www.reuters.com/business/energy/energy-firms-face-ai-enhanced-cyber-attacks-connectivity-push--reeii-2026-09-01/,Reuters quoting industrial-cyber specialists,2026-09-14,Current,No material attribution change recorded.,Open / no evidence,Not reported / not applicable.,AI-assisted mass discovery / target selection / protocol interaction,🟠 Technique can diffuse across actors; common operator confidence should not rise from similarity alone.,🟡 Strengthens scale interpretation of Iran-linked campaign while weakening tradecraft uniqueness.,No automatic IHL conclusion from sector or wartime timing.,Affected operators and users carry the immediate operational and trust burden.,Sources perform different evidentiary functions; actor claims are not treated as independent corroboration.
2026-09-01,Cyber incident,Core,United States — Maryland,Healthcare / hospital operations,Healthcare / medical supply,Luminis Health,"Luminis Health disclosed a cyberattack affecting systems across its network. By 3 September, non-critical ambulances were being diverted and some treatment had been cancelled or delayed.",Hospital enterprise IT / patient-facing systems / clinical operations support,"Ambulance diversions, treatment delays/cancellations and system unavailability.",Clinically meaningful service disruption; full emergency-care loss not established.,Affected-operator disclosure,N/A,Unknown,None publicly established.,None recorded.,🟢 Established,🟢 Established,⚪ Open,⚪ Open,🟠 Healthcare operational-disruption cluster,High — direct care-delivery effects in US healthcare during wartime,⚪ No supporting public evidence identified,Open,Ordinary ransomware; access-broker / affiliate operation; espionage; another state-linked actor.,High patient-care continuity significance,"No public attacker, intrusion vector, ransomware finding or Iran linkage established.","Luminis Health public updates and Maryland reporting, 1–4 September 2026",Affected operator + local reporting,2026-09-14,Current,No material attribution change recorded.,Open / no evidence,Not reported / not applicable.,Hospital enterprise-IT disruption with clinical downstream effects,⚪ Open / not established.,⚪ Open; no single strategic campaign established.,"Civilian medical system; protected-function relevance high, but state nexus and operation-specific legal elements unresolved.",Patients experienced routing and treatment consequences.,Sources perform different evidentiary functions; actor claims are not treated as independent corroboration.
2026-09-01,Cyber incident / resilience comparator,Core,Germany — Bavaria,Electricity; water; wastewater; district heating; telecommunications,Cross-sector / other,Stadtwerke Landsberg,"Stadtwerke Landsberg said a criminal cyberattack encrypted central corporate IT systems. Essential electricity, water, wastewater, district heating, fibre and EV-charging services remained operational.",Enterprise IT separated from operational systems,"Telephony, email and customer-service processes impaired; essential-service OT continued.",No physical-service outage reported.,Affected-authority assessment,N/A,Unknown criminal / ransomware actor,None publicly established.,No state attribution.,🟢 Established,🟢 Administrative disruption confirmed,🟡 Conventional cybercrime favoured,⚪ Open,🟡 IT/OT segmentation control case,High resilience relevance; very low Iran attribution relevance,⚪ No evidence found,Open / no public Iran evidence,Ordinary financially motivated ransomware is strongest explanation.,High analytical value as successful IT/OT segmentation case,"Electricity, drinking water, wastewater, district heating, fibre and charging remained operational.",https://www.stadtwerke-landsberg.de/presse/ | https://therecord.media/cyberattack-bavaria-germany-utility,Affected authority + specialist reporting,2026-09-14,Current,No material attribution change recorded.,Open / no evidence,Operational services continued through separation from compromised enterprise IT.,Enterprise-IT ransomware stopped at IT/OT boundary,⚪ Open / not established.,⚪ No evidence of Iranian involvement; demonstrates resilience variable.,No automatic IHL conclusion from sector or wartime timing.,Affected operators and users carry the immediate operational and trust burden.,Sources perform different evidentiary functions; actor claims are not treated as independent corroboration.
2026-09-02,Campaign / attribution update,Core,United States,Telecommunications; energy; water; other critical infrastructure,Cross-sector / other,Internet-exposed US critical-infrastructure systems,"Reporting citing US government and industry threat information described increased attempts by Iranian government-linked hackers to compromise systems capable of affecting electricity, telecommunications and other critical infrastructure.",Internet-exposed automation / control systems; telecom technical layer unresolved,Principally attempted access and reconnaissance; no major operational disruption attached to this new tranche.,No new major outage established.,Campaign reporting,N/A,Iranian government-linked hackers,Campaign-level government link credibly reported; exact operator varies by incident.,No new public technical advisory tying every September telecom/energy attempt to a named Iranian unit.,🟢 Campaign activity credibly reported,N/A — attempted access / reconnaissance,🟡 / 🟢 Moderate-to-high at campaign level; lower case-by-case,🟡 Consistent with earlier Iran-affiliated PLC campaign,🔴 Cross-sector expansion,Very high — telecom joins water and energy as reported target class,🟡 / 🟢 Iranian government-linked at campaign level; incident-level attribution remains specific,Probable / reported government-linked campaign,"Other states, criminals and hacktivists also target internet-facing OT and weakly protected systems.",Very high strategic-signalling and defensive-cost significance,No major outage reported from this newly described tranche.,https://www.thenationalnews.com/future/technology/2026/09/02/iran-cyberattack-hack-us-infrastructure/,Major reporting citing government/industry threat information,2026-09-14,Current,Water-focused wave → broader energy and telecommunications attempts reported.,Probable,Not reported / not applicable.,Cross-sector search for inexpensive internet-reachable leverage,🟠 Shared strategic objective may involve several units rather than one threat group.,🔴 Stronger cross-sector Iran-linked campaign hypothesis.,No automatic IHL conclusion from sector or wartime timing.,Affected operators and users carry the immediate operational and trust burden.,Sources perform different evidentiary functions; actor claims are not treated as independent corroboration.
2026-09-02,Cyber incident disclosure / shared-provider compromise,Core,United States / Canada,Judiciary / court administration / government data,Policing / justice,Thomson Reuters C-Track court platform,"Thomson Reuters disclosed unauthorised access to files from C-Track, affecting court systems in 11 US states, the US Virgin Islands and Ontario. The intrusion occurred in March and was detected in June.",Shared commercial court case-management platform,C-Track remained operational; no court-service disruption reported.,Court records containing personal and potentially confidential/sealed information were exposed.,Official provider / court disclosure,N/A,Unknown,None publicly established.,None recorded.,🟢 Established,🟢 Data exposure confirmed,⚪ Open,⚪ Open,🟡 Shared-provider concentration-risk comparator,High structural relevance; does not strengthen Iran attribution,⚪ No public evidence found,Open,Criminal data theft; access-broker operation; espionage by another state; state-linked intrusion through provider.,High information-security and concentration-risk significance,No service disruption; no responsible group identified; no Iran evidence.,https://www.reuters.com/legal/litigation/thomson-reuters-detects-cybersecurity-incident-says-unauthorized-party-accessed-2026-09-03/ | https://www.ontariocourts.ca/en/public-statement-cybersecurity.htm,Provider / court statements + Reuters,2026-09-14,Current,No material attribution change recorded.,Open / no evidence,Not reported / not applicable.,Shared-service-provider compromise across sovereign court environments,⚪ Open / not established.,⚪ No Iran evidence; demonstrates concentration risk.,No automatic IHL conclusion from sector or wartime timing.,Affected operators and users carry the immediate operational and trust burden.,Sources perform different evidentiary functions; actor claims are not treated as independent corroboration.
2026-09-05,Cyber incident escalation / data publication,Core,Germany — Berlin,State government administration,Government / administration,Berlin Senate departments,Berlin confirmed data stolen in the August ransomware incident had been published; a second package later included login credentials.,Government enterprise IT / stolen data / credentials,Primary service disruption occurred in August; new phase creates persistent follow-on exploitation risk.,Government and potentially citizen data published; credentials released.,Rhysida publication / Berlin confirmation,Rhysida,Rhysida / affiliate ecosystem,None publicly established.,No state-sponsored attribution; German authorities assessed associated activity as cybercriminal.,🟢 Established,🟢 Publication and credential release confirmed,🟡 / 🟢 Criminal attribution favoured; ⚪ no Iran evidence,🟢 Escalation of existing Berlin incident,🟠 Cross-actor reuse risk,"Moderate — weak Iran attribution relevance, strong secondary-exploitation relevance",⚪ No evidence found,Open / no public Iran evidence,Ordinary financially motivated ransomware remains best-supported explanation.,High post-breach intelligence and credential-reuse risk,No evidence Iran accessed or used the leaked material.,https://www.reuters.com/world/berlin-launches-crisis-response-after-hackers-publish-stolen-data-2026-09-05/ | https://www.berlin.de/rbmskzl/aktuelles/pressemitteilungen/2026/pressemitteilung.1710816.php | https://www.datenschutz-berlin.de/datenschutz/hinweise-zum-hackerangriff-auf-berlin/,Official Berlin / DPA statements + Reuters,2026-09-14,Current,Compromise → service disruption → exfiltration → publication → credentials released.,Open / no evidence,Not reported / not applicable.,Ransomware data theft creating reusable credentials and targeting material,⚪ Open / not established.,"🟡 Strengthens cross-actor contamination model, not Iran attribution.",No automatic IHL conclusion from sector or wartime timing.,Affected operators and users carry the immediate operational and trust burden.,Sources perform different evidentiary functions; actor claims are not treated as independent corroboration.
2026-09-08,Actor claim / attribution caution,Context,United States — Texas,Telecommunications; water,Cross-sector / other,AT&T Texas services; unnamed Texas water utility,"APT IRAN claimed it disrupted AT&T internet service across several Texas cities and an unnamed water utility. A real AT&T outage occurred, but AT&T attributed the Dallas outage to attempted physical cable theft and rejected the cyberattack claim.",Public claim / telecom outage / alleged water intrusion,Real telecom outage; cyber causation rejected by operator. Water disruption claim unverified.,Telecom service loss real; cause attributed by AT&T to physical cable theft.,📣 Actor-claimed,APT IRAN,APT IRAN persona,Iran-linked claimant; current causation not established.,No official validation of claimed cyber causation.,🟢 Claim and outage real,🟢 Outage real; cyber cause excluded on current operator evidence,❌ AT&T cyber attribution not supported,⚪ Water claim unverified,🟡 Information-operation / opportunistic-claim signal,High attribution-method relevance,❌ Current evidence does not support Iranian cyber causation of AT&T outage,Excluded for claimed AT&T causation,"Physical cable theft is operator-supplied cause; water claim may be false, exaggerated or unverified.",High methodological significance despite modest outage scale,No identified water victim; no utility confirmation; no technical evidence validating claim.,https://threatbeat.com/attacks-and-incidents/iran-hackers-claim-texas-att-outage-vow-to-intensify-attacks-before-9-11/ | https://www.fox26houston.com/news/iranian-hacker-group-claims-responsibility-dallas-internet-outage.amp,Actor-claim reporting + operator rebuttal,2026-09-14,Current,Iran-linked public threat → unrelated/physically caused outage → opportunistic cyber claim.,Excluded / unsupported claim,Not reported / not applicable.,Information exploitation of real infrastructure outage,⚪ Open / not established.,🟡 Shows claims themselves can contaminate attribution during a real campaign.,No automatic IHL conclusion from sector or wartime timing.,Affected operators and users carry the immediate operational and trust burden.,Sources perform different evidentiary functions; actor claims are not treated as independent corroboration.
2026-09-08,Cyber incident / supply-chain identity compromise,Adjacent,United States,Healthcare technology / clinical-support infrastructure,Healthcare / medical supply,Veradigm,"Veradigm disclosed that an attacker obtained credentials from a third-party vendor and used them to access a customer-service API, downloading patient information.",Third-party identity / authorised customer-service API,No disruption to clinical services or broader Veradigm systems.,Patient information downloaded; Social Security numbers included in some cases.,📣 Actor-claimed + company confirmation,The Gentlemen,The Gentlemen claim / criminal affiliate ecosystem,None publicly established.,No state attribution.,🟢 Established,🟢 Data breach confirmed,🟡 Criminal extortion favoured; ⚪ no Iran evidence,⚪ Open,🟡 Supply-chain identity / API comparator,Moderate structural relevance; weak Iran attribution relevance,⚪ No evidence found,Open / no public Iran evidence,Straightforward cybercrime; affiliate / access-broker chain.,High downstream privacy significance; low operational effect,No clinical-service disruption; no broader network/database access reported; no Iran evidence.,https://www.bleepingcomputer.com/news/security/veradigm-discloses-patient-data-breach-after-gentlemen-gang-claims-attack/,Company disclosure + specialist reporting,2026-09-14,Current,No material attribution change recorded.,Open / no evidence,Not reported / not applicable.,Supplier compromise → legitimate credential → authorised API → downstream healthcare data,⚪ Open / not established.,⚪ Open; no single strategic campaign established.,No automatic IHL conclusion from sector or wartime timing.,Affected operators and users carry the immediate operational and trust burden.,Sources perform different evidentiary functions; actor claims are not treated as independent corroboration.
2026-09-09,Cross-sector mass compromise / access-ecology comparator,Adjacent,United States / United Kingdom / Canada / France / Germany and others,Education; government; healthcare; manufacturing; energy / utilities; finance,Cross-sector / other,PaperCut NG/MF servers across 395 organisations in 48 countries,"GreyNoise disclosed a likely Russian-speaking operator using hundreds of AI agents to exploit PaperCut NG/MF vulnerabilities, compromising at least 440 servers and obtaining credentials or domain-level secrets across many victims.",Shared enterprise software / credential harvesting / domain-admin escalation,No widespread public-service outage established; access creation at scale was the principal effect.,"Credentials, OS/domain secrets and privileged footholds obtained; potential transfer to affiliates remained open.",Technical research disclosure,N/A,Likely Russian-speaking operator per GreyNoise,No public Iran relationship; operator configuration reportedly avoided Iran.,No state attribution.,🟢 Established,🟢 Mass compromise / credential effects established,🟡 Likely Russian-speaking criminal/operator profile; ⚪ no Iran evidence,🟢 Demonstrates access-generation ecosystem overlapping essential sectors,🔴 AI-orchestrated cross-sector access campaign,High attribution-contamination and access-market relevance; not an Iran case,⚪ No evidence found; operator reportedly avoided Iran,Excluded / other actor profile,Access brokerage or ransomware preparation is best fit.,Very high scale and downstream-access significance,No newly confirmed Iran-linked outage; no evidence Iran commissioned or controlled campaign.,https://www.greynoise.io/blog/ai-orchestrated-campaign-against-papercut-ng-mf,Primary technical research,2026-09-14,Current,Campaign began 31 August → disclosed 9 September with 440 servers / 395 organisations / 48 countries.,Excluded / other actor,Not reported / not applicable.,AI-orchestrated mass exploitation → credential theft → privileged footholds,🟡 Campaign operator profile likely common; downstream users may differ.,🔴 Establishes rapid access manufacturing that can later be consumed by unrelated actors.,No automatic IHL conclusion from sector or wartime timing.,Affected operators and users carry the immediate operational and trust burden.,Sources perform different evidentiary functions; actor claims are not treated as independent corroboration.
2026-09-12,Reconnaissance / capability-development disclosure,Core,United States / Middle East theatre,Defence / naval communications and control systems,Defence,US naval forces and shipboard communications/control technology,"Anthropic disclosed that an Iran-nexus actor used Claude from December 2025 to August 2026 to assemble targeting material against US naval forces and research vulnerabilities in maritime VSAT, Cisco communications and industrial-control products.",Military OSINT / vulnerability research / communications and ICS reconnaissance,"No successful compromise, communications degradation or control manipulation publicly confirmed.",Reconnaissance and capability development only on public evidence.,Platform threat-intelligence assessment,N/A,Iran-nexus threat actor,Moderate Iran nexus; direct state command or named IRGC unit not publicly identified.,Anthropic shared intelligence with authorities; no separate public government attribution recorded here.,🟢 Reconnaissance disclosed,N/A — no operational effect confirmed,🟡 / 🟢 Moderate-to-strong Iran-nexus assessment,🟡 Strong fit with wartime Iranian reconnaissance incentives,🟠 Target-specific military reconnaissance added to broader campaign,Very high — defence target-specific capability development,🟡 / 🟢 Iran-nexus actor; direct state command unresolved,Probable / platform assessment,"Independent Iranian operator, contractor, patriotic hacker or state-adjacent actor.",Very high strategic intelligence significance; no confirmed operational compromise,Researching vulnerabilities is not exploiting them; no Navy compromise established.,https://www.anthropic.com/threat-intelligence-report-september-2026,Tier 1 platform threat-intelligence disclosure,2026-09-14,Current,No material attribution change recorded.,Open / no evidence,Not reported / not applicable.,Military OSINT → equipment-specific vulnerability catalogue → potential exploitation planning,⚪ Open; no proof same operator as civilian OT activity.,🟡 Strengthens Iran-nexus reconnaissance picture without proving common command.,No automatic IHL conclusion from sector or wartime timing.,Affected operators and users carry the immediate operational and trust burden.,Sources perform different evidentiary functions; actor claims are not treated as independent corroboration.
2026-08-07,Cyber incident / later federal investigation disclosure,Core,International maritime / United States-bound,Energy transport / maritime operational technology,Transport,VL Prosperity — Liberian-flagged crude-oil tanker,"US Coast Guard and FBI later confirmed that one of two inbound foreign-flagged commercial vessels was boarded after indications its network had been compromised. Reporting identified this vessel as VL Prosperity. Iranian state media had earlier alleged communications loss and manipulation of propulsion, navigation and cargo systems; those physical-control claims remain unverified publicly.","Vessel IT / OT / communications; alleged engine, navigation and cargo-control layers","US authorities reported no operational disruption, vessel instability, physical danger to crew or environmental impact at the time of federal boarding. Iranian reporting alleged a 30-hour communications loss and machinery interference, not independently confirmed.",No confirmed physical damage or spill; alleged control manipulation remains unverified.,Official compromise investigation + unverified Iranian-media technical claims,None,Unknown foreign actor,Iranian involvement under US investigation; no public operator or state relationship established.,US Coast Guard/FBI acknowledged compromise indicators; no public attribution to Iran.,🟢 Established,🟢 No federal operational effect reported; 🟠 alleged machinery effects unverified,🟠 Suspected / developing Iran hypothesis,🟡 Probable relationship to emerging maritime cyber cluster; common operator open,🟠 Credible maritime cluster,"Very high — US-bound crude tanker, strategic energy logistics, Strait of Gibraltar transit",Iran connection actively investigated; not publicly attributed,Suspected / developing,Another state actor; criminal intrusion; shared maritime technology/provider compromise; unrelated vessel-specific compromise; Iranian-media exaggeration of genuine technical failure.,Very high strategic significance; confirmed foreign network compromise investigation on energy shipping,"No confirmed vessel instability, crew danger, spill or federal confirmation of propulsion/navigation/cargo manipulation.",https://www.cbsnews.com/news/coast-guard-fbi-boarded-energy-tankers-cyberattacks-amy-grable-iran/ | https://www.insurancejournal.com/news/national/2026/09/17/885384.htm | https://www.wsj.com/politics/national-security/u-s-probes-cyberattacks-on-energy-tankers-bound-for-american-coast-33d92f3a,US official statements relayed by major reporting + high-quality investigative reporting,2026-09-21,New,August incident / Iranian-media allegations → 15–17 September US acknowledgement of network compromise indicators → Iran link reported under investigation; no public attribution.,Suspected,Federal cyber and inspection teams boarded vessel; later cleared for normal operations.,Maritime network compromise / possible IT-to-OT access,⚪ Open / not established.,🟠 Maritime campaign scrutiny warranted; nearly 20 vessels under US threat watch does not establish one operator.,"Commercial energy transport; legal significance depends on conflict nexus, civilian/military use, effects and attribution.","Crew, vessel operator, port authorities, energy customers and federal responders carry safety and continuity burden.",US government confirmation and independent reporting separated from Iranian state-media allegations.
2026-08-21,Cyber incident / federal response,Core,United States-bound / Gulf of Mexico,Energy transport / maritime operational technology,Transport,Two foreign-flagged commercial energy vessels — VL Prosperity and Kohaku,US Coast Guard and FBI cyber teams boarded two inbound commercial energy vessels on 21 and 24 August after indications that both vessel networks had been compromised. Reporting identified the ships as crude tanker VL Prosperity and LPG carrier Kohaku.,Vessel operational technology and information technology,"Federal teams examined and mitigated threats; no operational disruptions, vessel instability, physical danger to crews or environmental impacts were reported by the Coast Guard.",No confirmed physical or environmental effect.,Officially confirmed federal investigation,None,Unknown foreign actor(s),Iranian involvement is one reported investigative hypothesis; no public state attribution.,Foreign network compromise indicators acknowledged; Iran not publicly named as responsible.,🟢 Established,🟢 Federal response established; no physical disruption reported,🟠 Suspected / developing Iran hypothesis,🟡 Probable shared maritime-threat population; common operator not established,🟠 Credible maritime cluster,Very high — energy shipping bound for Texas during active conflict,Under investigation / not publicly attributed,Suspected / developing,Other foreign state; criminal intrusion; shared vendor/service-provider exposure; independent compromises.,Very high — federal cyber response to two energy vessels and possible maritime OT exposure,"No reported operational disruption, instability, crew danger or environmental impact.",https://www.insurancejournal.com/news/national/2026/09/17/885384.htm | https://www.cbsnews.com/news/coast-guard-fbi-boarded-energy-tankers-cyberattacks-amy-grable-iran/,US Coast Guard/FBI statements via major reporting,2026-09-21,New,August boardings → September public acknowledgement → Iran connection reported under investigation; formal attribution absent.,Suspected,Onboard federal inspection / cyber mitigation.,Maritime IT/OT network compromise,⚪ Open / not established.,🟠 Credible cluster; broader vessel watch strengthens pattern scrutiny.,Commercial energy shipping; operation-specific legal analysis required.,"Crew safety, energy logistics, ports and federal response resources affected.",Official US confirmation distinct from media attribution hypotheses.
2026-08-28,Cyber incident / late disclosure,Core,United States — Colorado,Water and wastewater / operational technology,Water / wastewater,Two privately owned Colorado drinking-water utilities serving fewer than 200 people each,"Foreign hackers manipulated operational equipment at two small Colorado water systems in late August, changing settings, disabling remote access and alarms, and altering pumping cycles.",OT / ICS / controller and remote-control layer,Brief operational interference; providers regained control. No loss of water service or public-safety effect.,Pump cycles changed; treatment processes and water quality reportedly unaffected.,Official state confirmation,None,Unidentified foreign actor(s),Colorado could not identify the foreign actor; governor's office noted ongoing Iranian-backed national water targeting.,No Colorado/FBI attribution to Iran.,🟢 Established,🟢 OT setting manipulation established,🟠 Suspected / developing relationship to broader Iran-linked water wave,🟡 Probable relationship to broader exposed-water-OT wave; common operator open,🔴 Established water-sector campaign pattern,Very high — direct OT manipulation in US civilian water infrastructure,Suspected by contextual fit; not established for Colorado,Suspected,Another foreign actor; opportunistic exploitation of exposed controls; copycat activity using known methods.,High pattern significance despite small utilities and preserved service,"No public-safety impact, treatment impact, water-quality impact or service loss.",https://www.investing.com/news/general-news/foreign-hackers-targeted-colorado-water-systems-in-august-governors-office-says-4908010 | https://www.axios.com/local/denver/2026/09/18/water-utilities-cyberattack-hackers,State confirmation via Reuters + regional reporting,2026-09-21,New,"Late-August incident → 18 September public disclosure; foreign actor confirmed, Iran attribution unresolved.",Suspected,Local operators rapidly restored control; state technical assistance followed.,Internet-reachable / remotely accessible water OT manipulation,🟠 Developing — technique/sector recur; no common operator proof.,🔴 Water-sector recurrence established; Iran-linked core remains probable but not inherited by every incident.,Civilian drinking-water infrastructure; legal review warranted if conflict nexus and attribution are established.,Small operators and residents carried latent safety risk despite preserved service.,State confirmation; no reliance on actor claim.
2026-09-14,Cyber incident disclosure,Core,United States — Texas / multi-state utility footprint,Energy / electricity and natural gas utility,Energy / power,CenterPoint Energy,CenterPoint confirmed that an unauthorized third party obtained personal information relating to some customers through an external-facing system after the company became aware of an online claim.,External-facing enterprise / customer-information system,Electric and gas delivery remained operational and undisrupted.,Customer personal information obtained; scope still under investigation.,Company-confirmed incident following online claim,Not publicly established,Unknown,None publicly established.,None recorded.,🟢 Established,🟢 Data compromise confirmed; ❌ no energy-service disruption,⚪ Open,⚪ No established relationship to Iran-linked OT campaign,🟡 Essential-sector exposure comparator,Moderate — major Texas electricity/gas utility; no positive Iran evidence,No evidence found,Open / no public Iran evidence,Conventional data theft/extortion; criminal access; unrelated intrusion.,High privacy/utility trust impact; low operational energy effect,No electric or gas delivery disruption; no Iran attribution.,https://www.sec.gov/Archives/edgar/data/48732/000110465926107560/tm2625326d1_8k.htm | https://www.reuters.com/legal/litigation/centerpoint-energy-discloses-customer-data-breach-sec-filing-2026-09-14/,Tier 1 SEC filing + Reuters,2026-09-21,New,Online claim → company investigation → 14 September SEC confirmation of unauthorized access and customer-data acquisition.,Open / no evidence,Not reported / not applicable.,External-facing enterprise system compromise,⚪ Open / not established.,⚪ No evidence of relationship to Iran-linked OT campaign.,Civilian energy utility; no operational service effect established.,Affected customers carry privacy/fraud risk; energy users did not experience service interruption.,Primary company regulatory filing independently reported.
2026-09-16,Cyber incident,Core,Canada — Ontario,Healthcare / hospital operations,Healthcare / medical supply,Nipigon District Memorial Hospital,Ransomware disrupted hospital IT systems and encrypted files. The hospital activated incident-response and business-continuity procedures and used manual processes.,Hospital enterprise IT / clinical-support administration,Outpatient laboratory and diagnostic-imaging services closed; patients warned of delays while other hospital activity continued.,Files containing potentially sensitive personal/health information encrypted; exfiltration status unresolved in reviewed reporting.,Affected-operator confirmed ransomware incident,None publicly established,Unknown ransomware operator,None publicly established.,None recorded.,🟢 Established,🟢 Patient-facing service disruption established,⚪ Open,⚪ No established relationship to Iran-linked activity,🟠 Healthcare operational-disruption cluster,Moderate — allied-country healthcare disruption during war window; no positive Iran evidence,No evidence found,Open / no public Iran evidence,Conventional financially motivated ransomware is the leading explanation.,High local care-continuity significance,No Iran evidence; no broader health-system outage established.,https://insight.tmcnet.com/insight/nipigon-district-memorial-hospital-activates-ransomware-response-mu52wwyh,Affected-operator information relayed by specialist reporting,2026-09-21,New,16–17 September public ransomware disclosure; operator and sponsor unresolved.,Open / no evidence,Manual procedures activated.,Ransomware against hospital IT,⚪ Open / not established.,⚪ Criminal explanation presently strongest.,"Civilian medical facility; protected-function relevance high, but no state nexus established.",Patients experienced unavailable diagnostics/lab services and delays; staff shifted to manual processes.,Hospital-origin information; no actor claim required.
2026-09-16,Campaign-scale maritime threat update,Context,International / United States,Maritime transport / energy shipping,Transport,Nearly 20 commercial vessels under US cyber-threat watch,US officials said federal agencies were tracking cyber threats involving nearly 20 vessels worldwide. The Coast Guard requested advance notice if those vessels planned US port calls. CISA said several commercial vessels had been targeted in potential cyberattacks in late August.,Maritime IT / OT threat environment,No common operational disruption established; CISA said attackers did not appear to have taken control of targeted ships.,No common physical effect established.,Government-official reporting / campaign watch,None,Unknown,Iran is under investigation in relation to two Texas-bound tankers; no attribution for the wider vessel population.,No public attribution of the wider maritime cluster to Iran.,🟢 Threat-watch population credibly reported,N/A — no common disruption established,⚪ Open for wider cluster; 🟠 Iran hypothesis for two tankers,🟠 Credible cluster; reason vessels share watch status not public,🟠 Credible maritime cluster,Very high — maritime energy logistics and potential strategic chokepoint effects,Open at cluster level; suspected for subset under investigation,Open / suspected subset,Multiple unrelated actors; shared vulnerable maritime technology; criminal activity; several state actors; precautionary watch criteria.,Very high campaign-level warning significance,"No proof the nearly 20 vessels share one attacker, vulnerability, provider or sponsor.",https://news.bloomberglaw.com/tech-and-telecom-law/us-tracking-cyber-threats-against-nearly-20-ships-worldwide | https://www.insurancejournal.com/news/national/2026/09/17/885384.htm,High-quality reporting citing US officials + Coast Guard statement,2026-09-21,New,Two-vessel investigation → wider US interagency watch population disclosed 16–17 September.,Open / suspected subset,Advance port notification and federal boarding/inspection available for relevant vessels.,Maritime cyber-threat monitoring; common technical mechanism not public,⚪ Open / not established.,🟠 Credible cluster requiring campaign-level scrutiny.,Mixed commercial maritime objects; incident-specific nexus and effects required.,"Shipping operators, crews, ports, energy logistics and federal responders face increased monitoring and safety burden.",Multiple US officials plus Coast Guard statement; does not depend on attacker claims.
2026-09-18,Cyber-suspected operational incident disclosure,Core,Italy / Mediterranean / transatlantic US–Europe energy route,LNG transport / maritime operational technology,Transport,Vivit Africa LNG,The LNG carrier suffered a systems failure while carrying US LNG toward Italy. Crew reported the event as a suspected cyberattack after losing access to internal control systems. The Italian Coast Guard confirmed a malfunction in systems used to monitor cargo parameters but said the cause could not be determined.,Cargo-monitoring / internal control systems; later crew allegations extend to pressure/safety controls,"Vessel idled off Italy, could not complete intended discharge at Rovigo and diverted west. Coast Guard assisted and navigation precautions were imposed.","No reported injury, LNG release or explosion. Crew allegations of pressure/safety-valve manipulation remain unverified.",Confirmed systems malfunction + crew-reported suspected cyberattack,None,Unknown,None publicly established.,Italian Coast Guard did not determine cyber cause; no Iran attribution.,🟢 Malfunction / operational consequence established; 🟠 cyber causation suspected,🟢 Cargo-delivery disruption established; 🟠 alleged control manipulation unverified,⚪ Open,🟠 Possible relationship to emerging tanker cluster,🟠 Credible maritime cluster,"High — US LNG supply to Europe, maritime energy logistics, similar timing/system class to US tanker investigations",No evidence establishing Iran; strategic fit only,Open,"Ordinary equipment, automation or software failure; vendor/system fault; unrelated cyber intrusion; another actor.",High operational and safety significance even without confirmed cyber cause,"Cyber cause not established by Italian authorities; no attacker identified; no injury, release or explosion reported.",https://news.bloomberglaw.com/tech-and-telecom-law/another-tanker-suffers-failure-as-crew-suspect-cyber-attack | https://www.insurancejournal.com/news/international/2026/09/18/885689.htm,"High-quality reporting citing crew sources, operator/charter confirmation and Italian Coast Guard",2026-09-21,New,Early-September malfunction → 18 September public disclosure as crew-suspected cyberattack → cause remains undetermined.,Open / no evidence,Company technicians and Italian Coast Guard assistance; voyage diverted.,Possible maritime control-system compromise; equipment failure remains viable,⚪ Open / not established.,🟠 Adds a third energy-vessel control-system event to maritime scrutiny but does not prove cyber campaign.,"Commercial LNG transport; legal analysis requires cyber causation, conflict nexus, attribution and effects.","Crew, charterer, terminal, energy customer and maritime authorities bore operational/safety consequences.",Italian authority confirms malfunction; crew cyber allegations kept separate.
2026-09-21,Attribution / executive-governance update,Context,United States / international maritime,Maritime transport / energy shipping,Transport,US investigation into Texas-bound tanker compromises,"By 21 September, the US executive branch had publicly acknowledged genuine vessel-network compromise indicators, a foreign-actor problem and a wider interagency maritime cyber response, while still not publicly attributing the tanker incidents to Iran.",Attribution / intelligence / executive-governance record,No new operational effect; records change in public acknowledgement and investigative posture.,N/A,Official acknowledgement + reported Iran investigation,None,Unknown foreign actor(s),Possible Iran relationship under investigation.,No public US attribution to Iran as of 21 September.,🟢 Governance update established,N/A,🟠 Iran hypothesis under investigation; formal attribution absent,🟠 Maritime cluster treated as class of problem; common actor still open,🟠 Credible maritime cluster,Very high — demonstrates executive acknowledgement without crossing public attribution threshold,Suspected / under investigation; not publicly attributed,Suspected / developing,"Other foreign actor(s), criminal activity, shared maritime vulnerabilities/providers, multiple unrelated incidents.",Very high attribution-governance significance,No White House/DHS/FBI/CISA/Coast Guard public statement located that formally attributes the tanker compromises to Iran.,https://www.cbsnews.com/news/coast-guard-fbi-boarded-energy-tankers-cyberattacks-amy-grable-iran/ | https://www.insurancejournal.com/news/national/2026/09/17/885384.htm | https://www.wsj.com/politics/national-security/u-s-probes-cyberattacks-on-energy-tankers-bound-for-american-coast-33d92f3a,Official US statements via major reporting + investigative reporting,2026-09-21,New,Initial vessel compromise investigation → wider nearly-20-vessel watch → Iran explicitly reported as investigative hypothesis → no formal public attribution by 21 September.,Suspected,"Interagency vessel monitoring, port advance-notice request and onboard cyber response.",Attribution / executive-governance record,⚪ Open / not established.,"🟠 US behaviour supports class-level maritime concern, not one-sponsor proof.",No automatic legal conclusion from investigative posture.,Shipping operators and ports face elevated federal scrutiny; public attribution remains deliberately incomplete.,Official operational acknowledgement separated from anonymously sourced attribution reporting.
